Gene,Target,Control,Paralog,Variants,SV,PhenotypeMethod,RefAllele,GRCh37Default,GRCh38Default,Strand,GRCh37Region,GRCh38Region,GRCh37ExonStarts,GRCh37ExonEnds,GRCh38ExonStarts,GRCh38ExonEnds
ABCB1,TRUE,FALSE,N/A,TRUE,FALSE,N/A,*1,*2,*2,-,7:87130178-87345639,7:87500862-87716323,"87133178,87135212,87138590,87144546,87145824,87148641,87150091,87160609,87165773,87168583,87170672,87173444,87174138,87175178,87178663,87179166,87179486,87179783,87180040,87183076,87190578,87195385,87196100,87199487,87214827,87225081,87229432,87230070,87342476,","87133765,87135359,87138797,87144744,87145981,87148782,87150192,87160813,87165857,87168661,87170780,87173591,87174315,87175340,87178834,87179370,87179612,87179894,87180154,87183248,87190703,87195557,87196292,87199539,87214996,87225130,87229506,87230394,87342639,","87503862,87505896,87509274,87515230,87516508,87519325,87520775,87531293,87536457,87539267,87541356,87544128,87544822,87545862,87549347,87549850,87550170,87550467,87550724,87553760,87561262,87566069,87566784,87570171,87585511,87595765,87600116,87600754,87713160,","87504449,87506043,87509481,87515428,87516665,87519466,87520876,87531497,87536541,87539345,87541464,87544275,87544999,87546024,87549518,87550054,87550296,87550578,87550838,87553932,87561387,87566241,87566976,87570223,87585680,87595814,87600190,87601078,87713323,"
ABCG2,TRUE,FALSE,N/A,TRUE,FALSE,Diplotype,Reference,Reference,Reference,-,4:89008420-89082791,4:88087268-88161639,"89011420,89015728,89016671,89018604,89020475,89022381,89028335,89034454,89036108,89039260,89042786,89052212,89052954,89053727,89060944,89079537,","89013533,89015811,89016761,89018759,89020600,89022471,89028418,89034705,89036210,89039412,89042944,89052365,89053069,89053787,89061166,89079791,","88090268,88094576,88095519,88097452,88099323,88101229,88107183,88113302,88114956,88118108,88121634,88131060,88131802,88132575,88139792,88158385,","88092381,88094659,88095609,88097607,88099448,88101319,88107266,88113553,88115058,88118260,88121792,88131213,88131917,88132635,88140014,88158639,"
CACNA1S,TRUE,FALSE,N/A,TRUE,FALSE,Diplotype,Reference,Reference,Reference,-,1:201005639-201084694,1:201036511-201115426,"201008639,201009358,201009749,201010631,201012408,201013455,201016242,201016652,201017709,201018130,201019516,201020111,201021684,201022336,201022586,201023632,201027535,201028316,201029785,201030394,201031071,201031589,201034965,201035356,201036014,201038264,201038599,201039399,201041882,201042676,201043633,201044622,201046047,201047006,201052289,201054077,201054563,201056953,201058385,201060767,201061099,201063009,201079291,201081315,","201009210,201009502,201009841,201010717,201012659,201013584,201016367,201016754,201017812,201018227,201019644,201020271,201021776,201022402,201022715,201023689,201027619,201028427,201029944,201030596,201031218,201031642,201035073,201035444,201036121,201038324,201038729,201039532,201041952,201042770,201043748,201044743,201046255,201047232,201052450,201054159,201054709,201057057,201058591,201060920,201061242,201063149,201079397,201081694,","201039511,201040230,201040621,201041503,201043280,201044327,201047114,201047524,201048581,201049002,201050388,201050983,201052556,201053208,201053458,201054504,201058407,201059188,201060657,201061266,201061943,201062461,201065837,201066228,201066886,201069136,201069471,201070271,201072754,201073548,201074505,201075494,201076919,201077878,201083161,201084949,201085435,201087825,201089257,201091639,201091971,201093881,201110163,201112187,","201040082,201040374,201040713,201041589,201043531,201044456,201047239,201047626,201048684,201049099,201050516,201051143,201052648,201053274,201053587,201054561,201058491,201059299,201060816,201061468,201062090,201062514,201065945,201066316,201066993,201069196,201069601,201070404,201072824,201073642,201074620,201075615,201077127,201078104,201083322,201085031,201085581,201087929,201089463,201091792,201092114,201094021,201110269,201112426,"
CFTR,TRUE,FALSE,N/A,TRUE,FALSE,Diplotype,Reference,Reference,Reference,+,7:117117016-117311719,7:117477024-117671665,"117120016,117144306,117149087,117170952,117174329,117175301,117176601,117180153,117182069,117188694,117199517,117227792,117230406,117231987,117234983,117242879,117243585,117246727,117250572,117251634,117254666,117267575,117282491,117292895,117304741,117305512,117306961,","117120201,117144417,117149196,117171168,117174419,117175465,117176727,117180400,117182162,117188877,117199709,117227887,117230493,117232711,117235112,117242917,117243836,117246807,117250723,117251862,117254767,117267824,117282647,117292985,117304914,117305618,117308719,","117480024,117504252,117509033,117530898,117534275,117535247,117536547,117540099,117542015,117548640,117559463,117587738,117590352,117591933,117594929,117602825,117603531,117606673,117610518,117611580,117614612,117627521,117642437,117652841,117664687,117665458,117666907,","117480147,117504363,117509142,117531114,117534365,117535411,117536673,117540346,117542108,117548823,117559655,117587833,117590439,117592657,117595058,117602863,117603782,117606753,117610669,117611808,117614713,117627770,117642593,117652931,117664860,117665564,117668665,"
CYP1A1,TRUE,FALSE,N/A,TRUE,FALSE,N/A,*1,*1,*1,-,15:75008882-75020951,15:74716541-74728528,"75011882,75013307,75013539,75013754,75013931,75014613,75017781,","75013115,75013394,75013663,75013844,75014058,75015464,75017951,","74719541,74720966,74721198,74721413,74721590,74722272,74725440,","74720774,74721053,74721322,74721503,74721717,74723123,74725528,"
CYP1A2,TRUE,FALSE,N/A,TRUE,FALSE,N/A,*1A,*1A,*1A,+,15:75038183-75051941,15:74745844-74759607,"75041183,75042070,75043529,75044105,75044464,75045524,75047131,","75041238,75042910,75043650,75044195,75044588,75045611,75048941,","74748844,74749729,74751188,74751764,74752123,74753183,74754790,","74748897,74750569,74751309,74751854,74752247,74753270,74756607,"
CYP1B1,TRUE,FALSE,N/A,TRUE,FALSE,N/A,*1,*3,*1,-,2:38291745-38306323,2:38064602-38079181,"38294745,38301488,38302922,","38298453,38302532,38303323,","38067602,38074345,38075779,","38071310,38075389,38076181,"
CYP2A6,TRUE,FALSE,CYP2A7,TRUE,TRUE,N/A,*1,*18,*1,-,19:41339442-41396352,19:40833540-40890447,"41349442,41350535,41351198,41351860,41352779,41354123,41354518,41355722,41356151,","41349882,41350677,41351386,41352002,41352956,41354284,41354668,41355885,41356352,","40843540,40844630,40845293,40845955,40846874,40848218,40848613,40849817,40850246,","40843977,40844772,40845481,40846097,40847051,40848379,40848763,40849980,40850447,"
CYP2A7,FALSE,FALSE,CYP2A6,FALSE,FALSE,N/A,N/A,N/A,N/A,-,19:41381343-41388657,19:40875438-40882752,"41381343,41382431,41383094,41383756,41384664,41385988,41386383,41387493,41387935,","41381779,41382573,41383282,41383898,41384841,41386149,41386533,41387656,41388657,","40875438,40876526,40877189,40877851,40878759,40880083,40880478,40881588,40882030,","40875874,40876668,40877377,40877993,40878936,40880244,40880628,40881751,40882752,"
CYP2A13,TRUE,FALSE,N/A,TRUE,FALSE,N/A,*1,*1,*1,+,19:41574355-41622100,19:41068450-41116195,"41594355,41594833,41595951,41596308,41597636,41599534,41600149,41600863,41601664,","41594556,41594996,41596101,41596469,41597813,41599676,41600337,41601005,41602100,","41088450,41088928,41090046,41090403,41091731,41093629,41094244,41094958,41095759,","41088651,41089091,41090196,41090564,41091908,41093771,41094432,41095100,41096195,"
CYP2B6,TRUE,FALSE,CYP2B7,TRUE,TRUE,Diplotype,*1,*1,*1,+,19:41427203-41534301,19:40921281-41028398,"41497203,41509905,41510201,41512809,41515123,41515898,41518202,41518578,41522550,","41497381,41510068,41510351,41512970,41515300,41516040,41518390,41518720,41524301,","40991281,41004000,41004296,41006904,41009218,41009993,41012297,41012673,41016645,","40991476,41004163,41004446,41007065,41009395,41010135,41012485,41012815,41018398,"
CYP2B7,FALSE,FALSE,CYP2B6,FALSE,FALSE,N/A,N/A,N/A,N/A,+,19:41430169-41456565,19:40924264-40950660,"41430169,41442001,41442296,41444873,41447200,41447969,41450235,41450615,41454957,","41430348,41442164,41442446,41445034,41447377,41448111,41450423,41450757,41456565,","40924264,40936096,40936391,40938968,40941295,40942064,40944330,40944710,40949052,","40924443,40936259,40936541,40939129,40941472,40942206,40944518,40944852,40950660,"
CYP2C8,TRUE,FALSE,N/A,TRUE,FALSE,N/A,*1,*1,*1,-,10:96793528-96832254,10:95033771-95072497,"96796528,96798653,96802646,96805566,96818091,96824556,96826964,96827285,96828991,","96797066,96798795,96802834,96805708,96818268,96824717,96827114,96827448,96829254,","95036771,95038896,95042889,95045809,95058334,95064799,95067207,95067528,95069234,","95037309,95039038,95043077,95045951,95058511,95064960,95067357,95067691,95069497,"
CYP2C9,TRUE,FALSE,N/A,TRUE,FALSE,Score,*1,*1,*1,+,10:96695414-96752148,10:94935657-94993091,"96698414,96701614,96701948,96707535,96708864,96731860,96740939,96745789,96748603,","96698607,96701777,96702098,96707696,96709041,96732002,96741127,96745931,96749148,","94938657,94941857,94942191,94947778,94949107,94972103,94981182,94986032,94988846,","94938850,94942020,94942341,94947939,94949284,94972245,94981370,94986174,94990091,"
CYP2C19,TRUE,FALSE,N/A,TRUE,FALSE,Diplotype,*1,*1,*38,+,10:96519437-96615962,10:94759680-94858547,"96522437,96534814,96535146,96540255,96541577,96580252,96602593,96609673,96612489,","96522630,96534977,96535296,96540416,96541754,96580394,96602781,96609815,96612962,","94762680,94775057,94775389,94780498,94781820,94820495,94842836,94849916,94852732,","94762873,94775220,94775539,94780659,94781997,94820637,94843024,94850058,94855547,"
CYP2D6,TRUE,FALSE,CYP2D7,TRUE,TRUE,Score,*1,*2,*1,-,22:42512500-42551883,22:42116498-42155810,"42522500,42522852,42523448,42523843,42524175,42524785,42525034,42525739,42526613,","42522754,42522994,42523636,42523985,42524352,42524946,42525187,42525911,42526883,","42126498,42126850,42127446,42127841,42128173,42128783,42129032,42129737,42130611,","42126752,42126992,42127634,42127983,42128350,42128944,42129185,42129909,42130810,"
CYP2D7,FALSE,FALSE,CYP2D6,FALSE,FALSE,N/A,N/A,N/A,N/A,-,22:42536213-42540576,22:42139575-42144483,"42536213,42536565,42537161,42537543,42537877,42538479,42538728,42539410,42540284,","42536467,42536707,42537349,42537685,42538054,42538640,42538881,42539582,42540576,","42139575,42140554,42141151,42141533,42141867,42142478,42142727,42143409,42144283,","42140456,42140696,42141339,42141675,42142044,42142639,42142880,42143581,42144483,"
CYP2E1,TRUE,FALSE,N/A,TRUE,TRUE,N/A,*1,*7,*7,+,10:135330866-135362620,10:133517362-133549123,"135340866,135341984,135345088,135345627,135346195,135347259,135350566,135351254,135352283,","135341076,135342144,135345238,135345788,135346372,135347401,135350754,135351396,135352620,","133527362,133528480,133531584,133532123,133532691,133533755,133537062,133537750,133538779,","133527572,133528640,133531734,133532284,133532868,133533897,133537250,133537892,133539123,"
CYP2F1,TRUE,FALSE,N/A,TRUE,FALSE,N/A,*1,*1,*1,+,19:41617336-41637286,19:41111431-41131381,"41620336,41622082,41622359,41626251,41627362,41627861,41628726,41630623,41631397,41633805,","41620397,41622264,41622522,41626401,41627523,41628038,41628868,41630811,41631539,41634286,","41114431,41116177,41116454,41120346,41121457,41121956,41122821,41124718,41125492,41127900,","41114492,41116359,41116617,41120496,41121618,41122133,41122963,41124906,41125634,41128381,"
CYP2J2,TRUE,FALSE,N/A,TRUE,FALSE,N/A,*1,*1,*1,-,1:60355979-60395470,1:59890307-59929773,"60358979,60366636,60370542,60373457,60375455,60377279,60377833,60381609,60392208,","60359501,60366775,60370730,60373599,60375632,60377440,60377983,60381772,60392470,","59893307,59900964,59904870,59907785,59909783,59911607,59912161,59915937,59926536,","59893829,59901103,59905058,59907927,59909960,59911768,59912311,59916100,59926773,"
CYP2R1,TRUE,FALSE,N/A,TRUE,FALSE,N/A,*1,*1,*1,-,11:14896554-14916751,11:14875008-14895205,"14899554,14900659,14901681,14907321,14913526,","14899843,14900989,14902314,14907463,14913751,","14878008,14879113,14880135,14885775,14891980,","14878297,14879443,14880768,14885917,14892205,"
CYP2S1,TRUE,FALSE,N/A,TRUE,FALSE,N/A,*1,*1,*1,+,19:41696111-41716444,19:41190218-41210539,"41699111,41700448,41703683,41704366,41704613,41707135,41709354,41711862,41712184,","41699346,41700614,41703833,41704527,41704793,41707277,41709542,41712004,41713444,","41193218,41194543,41197778,41198461,41198708,41201230,41203449,41205957,41206279,","41193441,41194709,41197928,41198622,41198888,41201372,41203637,41206099,41207539,"
CYP2W1,TRUE,FALSE,N/A,TRUE,FALSE,N/A,*1,*1,*1,+,7:1019834-1032276,7:980180-992640,"1022834,1024047,1024585,1024801,1026259,1026742,1026982,1027912,1028270,","1023021,1024210,1024735,1024959,1026433,1026881,1027167,1028054,1029276,","983180,984411,984949,985165,986623,987106,987346,988276,988634,","983385,984574,985099,985323,986797,987245,987531,988418,989640,"
CYP3A4,TRUE,FALSE,N/A,TRUE,FALSE,N/A,*1,*1,*1,-,7:99351582-99384811,7:99753966-99787184,"99354582,99358441,99359663,99361477,99363999,99364753,99365976,99367390,99367744,99370212,99375650,99377614,99381633,","99355851,99358604,99359890,99361638,99364066,99364881,99366125,99367479,99367858,99370312,99375703,99377708,99381811,","99756966,99760818,99762040,99763854,99766376,99767130,99768353,99769767,99770121,99772589,99778027,99779991,99784010,","99758228,99760981,99762267,99764015,99766443,99767258,99768502,99769856,99770235,99772689,99778080,99780085,99784184,"
CYP3A5,TRUE,FALSE,N/A,TRUE,FALSE,Diplotype,*1,*3,*1,-,7:99242811-99280649,7:99645193-99682996,"99245811,99247695,99250175,99258121,99260438,99261590,99262788,99264223,99264574,99270202,99272155,99273737,99277448,","99246023,99247855,99250402,99258282,99260505,99261718,99262937,99264312,99264688,99270302,99272208,99273831,99277649,","99648193,99650072,99652552,99660498,99662815,99663967,99665165,99666600,99666951,99672579,99674532,99676114,99679825,","99648400,99650232,99652779,99660659,99662882,99664095,99665314,99666689,99667065,99672679,99674585,99676208,99679996,"
CYP3A7,TRUE,FALSE,N/A,TRUE,FALSE,N/A,*1,*2,*1,-,7:99299659-99335823,7:99702035-99738196,"99302659,99305434,99306657,99308354,99311091,99312177,99313380,99314799,99315148,99317935,99319918,99328681,99332645,","99303218,99305597,99306884,99308515,99311158,99312305,99313529,99314888,99315262,99318035,99319971,99328775,99332823,","99705035,99707811,99709034,99710731,99713468,99714554,99715757,99717176,99717525,99720312,99722295,99731058,99735022,","99705595,99707974,99709261,99710892,99713535,99714682,99715906,99717265,99717639,99720412,99722348,99731152,99735196,"
CYP3A43,TRUE,FALSE,N/A,TRUE,FALSE,N/A,*1,*1,*1,+,7:99422635-99466727,7:99825012-99869093,"99425635,99434075,99436742,99441765,99445110,99445788,99447168,99453213,99454455,99457452,99459235,99461159,99463528,","99425809,99434169,99436795,99441865,99445224,99445877,99447317,99453341,99454522,99457613,99459462,99461322,99463727,","99828012,99836452,99839119,99844142,99847487,99848165,99849545,99855590,99856832,99859829,99861612,99863536,99865905,","99828186,99836546,99839172,99844242,99847601,99848254,99849694,99855718,99856899,99859990,99861839,99863699,99866093,"
CYP4A11,TRUE,FALSE,N/A,TRUE,FALSE,N/A,*1,*1,*1,-,1:47391859-47410148,1:46926187-46944476,"47394859,47398432,47398654,47399617,47399847,47400124,47400671,47401194,47402335,47402973,47403667,47406910,","47395982,47398509,47398719,47399751,47400038,47400231,47400826,47401319,47402463,47403018,47403809,47407148,","46929187,46932760,46932982,46933945,46934175,46934452,46934999,46935522,46936663,46937301,46937995,46941238,","46930310,46932837,46933047,46934079,46934366,46934559,46935154,46935647,46936791,46937346,46938137,46941476,"
CYP4A22,TRUE,FALSE,N/A,TRUE,FALSE,N/A,*1,*1,*1,+,1:47600112-47618399,1:47134440-47152727,"47603112,47606451,47607242,47607779,47608940,47609433,47610028,47610221,47610508,47611537,47611748,47614273,","47603352,47606593,47607287,47607907,47609065,47609588,47610135,47610412,47610642,47611602,47611825,47615399,","47137440,47140779,47141570,47142107,47143268,47143761,47144356,47144549,47144836,47145865,47146076,47148601,","47137680,47140921,47141615,47142235,47143393,47143916,47144463,47144740,47144970,47145930,47146153,47149727,"
CYP4B1,TRUE,FALSE,N/A,TRUE,FALSE,N/A,*1,*1,*1,+,1:47261669-47288021,1:46796045-46822413,"47264669,47276479,47276811,47278167,47279153,47279583,47279880,47280745,47282719,47283636,47283802,47284302,","47264933,47276621,47276856,47278295,47279278,47279735,47279987,47280936,47282853,47283701,47283885,47285021,","46799045,46810807,46811139,46812495,46813481,46813911,46814208,46815073,46817047,46817964,46818130,46818630,","46799261,46810949,46811184,46812623,46813606,46814063,46814315,46815264,46817181,46818029,46818213,46819413,"
CYP4F2,TRUE,FALSE,N/A,TRUE,TRUE,N/A,*1,*1,*1,-,19:15973833-16023930,19:15863022-15913074,"15988833,15990155,15990413,15990573,15996733,15997051,16000232,16001121,16003118,16003338,16006315,16008223,16008835,","15989746,15990238,15990478,15990707,15996863,15997118,16000503,16001243,16003246,16003392,16006460,16008422,16008930,","15878022,15879345,15879603,15879763,15885923,15886241,15889422,15890311,15892308,15892528,15895505,15897413,15898025,","15878936,15879428,15879668,15879897,15886053,15886308,15889693,15890433,15892436,15892582,15895650,15897612,15898074,"
CYP17A1,TRUE,FALSE,N/A,TRUE,FALSE,N/A,Reference,Reference,Reference,-,10:104587287-104600170,10:102827530-102840413,"104590287,104591264,104592267,104592749,104593792,104594541,104595010,104596821,","104590742,104591368,104592437,104592965,104593879,104594771,104595149,104597170,","102830530,102831507,102832510,102832992,102834035,102834784,102835253,102837064,","102830985,102831611,102832680,102833208,102834122,102835014,102835392,102837413,"
CYP19A1,TRUE,FALSE,N/A,TRUE,FALSE,N/A,*1,*1,*1,-,15:51497253-51633795,15:51205056-51341596,"51500253,51504516,51507266,51507899,51510737,51514545,51519975,51529055,51534964,51630691,","51503253,51504758,51507429,51508014,51510852,51514722,51520130,51529206,51535147,51630795,","51208056,51212319,51215069,51215702,51218540,51222348,51227778,51236858,51242767,51338494,","51211056,51212561,51215232,51215817,51218655,51222525,51227933,51237009,51242950,51338596,"
CYP26A1,TRUE,FALSE,N/A,TRUE,FALSE,N/A,*1,*1,*1,+,10:94830646-94840641,10:93070892-93080885,"94833646,94834064,94834535,94834905,94835582,94836300,94836719,","94833880,94834289,94834826,94835064,94835717,94836453,94837641,","93073892,93074307,93074778,93075148,93075825,93076543,93076962,","93074123,93074532,93075069,93075307,93075960,93076696,93077885,"
DPYD,TRUE,FALSE,N/A,TRUE,FALSE,Score,Reference,c.85T>C (*9A),Reference,-,1:97540298-98389615,1:97074742-97924034,"97543298,97547885,97564044,97658624,97700407,97770814,97771732,97839116,97847948,97915614,97981281,98015115,98039315,98058773,98060614,98144650,98157272,98164906,98187065,98205947,98293669,98348819,98386439,","97544702,97548026,97564188,97658804,97700550,97770934,97771853,97839200,97848017,97915779,97981497,98015300,98039526,98058943,98060722,98144738,98157354,98165103,98187227,98206035,98293752,98348930,98386615,","97077742,97082329,97098488,97193068,97234851,97305258,97306176,97373560,97382392,97450058,97515725,97549559,97573759,97593217,97595058,97679094,97691716,97699350,97721509,97740391,97828113,97883263,97920883,","97079146,97082470,97098632,97193248,97234994,97305378,97306297,97373644,97382461,97450223,97515941,97549744,97573970,97593387,97595166,97679182,97691798,97699547,97721671,97740479,97828196,97883374,97921034,"
EGFR,FALSE,TRUE,N/A,FALSE,FALSE,N/A,N/A,N/A,N/A,+,7:55083713-55278773,7:55016016-55214628,"55086713,55209978,55210997,55214298,55218986,55220238,55221703,55223522,55224225,55224451,55225355,55227831,55229191,55231425,55232972,55238867,55240675,55241613,55242414,55248985,55259411,55260458,55266409,55268008,55268880,55269427,55270209,55272948,","55087058,55210130,55211181,55214433,55219055,55220357,55221845,55223639,55224352,55224525,55225446,55228031,55229324,55231516,55233130,55238906,55240817,55241736,55242513,55249171,55259567,55260534,55266556,55268106,55269048,55269475,55270318,55275773,","55019016,55142285,55143304,55146605,55151293,55152545,55154010,55155829,55156532,55156758,55157662,55160138,55161498,55163732,55165279,55171174,55172982,55173920,55174721,55181292,55191718,55192765,55198716,55200315,55201187,55201734,55202516,55205255,","55019365,55142437,55143488,55146740,55151362,55152664,55154152,55155946,55156659,55156832,55157753,55160338,55161631,55163823,55165437,55171213,55173124,55174043,55174820,55181478,55191874,55192841,55198863,55200413,55201355,55201782,55202625,55211628,"
F5,TRUE,FALSE,N/A,TRUE,FALSE,Diplotype,Reference,Leiden,Reference,-,1:169478188-169558719,1:169508950-169589481,"169481188,169484681,169487649,169489757,169492434,169493038,169494074,169495138,169497152,169498845,169500023,169505743,169509531,169513533,169515679,169519038,169519877,169521794,169524419,169525883,169528390,169529791,169541458,169551668,169555466,","169483697,169484864,169487801,169489902,169492590,169493142,169494146,169495255,169497332,169499056,169500260,169505918,169512352,169513746,169515830,169519253,169519977,169521972,169524585,169526105,169528534,169530004,169541581,169551760,169555719,","169511950,169515443,169518411,169520519,169523196,169523800,169524836,169525900,169527914,169529607,169530785,169536505,169540293,169544295,169546441,169549800,169550639,169552556,169555181,169556645,169559152,169560553,169572220,169582430,169586228,","169514459,169515626,169518563,169520664,169523352,169523904,169524908,169526017,169528094,169529818,169531022,169536680,169543114,169544508,169546592,169550015,169550739,169552734,169555347,169556867,169559296,169560766,169572343,169582522,169586481,"
G6PD,TRUE,FALSE,N/A,TRUE,TRUE,N/A,B,B,B,-,X:153756604-153778233,X:154528389-154550018,"153759604,153760402,153760600,153760781,153761156,153761790,153762249,153762552,153763382,153764151,153764355,153774250,153775003,","153760305,153760495,153760677,153761017,153761343,153761884,153762375,153762711,153763600,153764260,153764393,153774378,153775233,","154531389,154532187,154532385,154532566,154532941,154533575,154534034,154534337,154535167,154535936,154536140,154546035,154546788,","154532090,154532280,154532462,154532802,154533128,154533669,154534160,154534496,154535385,154536045,154536178,154546163,154547018,"
GSTM1,TRUE,FALSE,N/A,TRUE,TRUE,N/A,*A,*A,*A,+,1:110227417-110239367,1:109684816-109696745,"110230417,110230791,110231294,110231669,110231846,110232892,110233075,110235827,","110230531,110230867,110231359,110231751,110231947,110232988,110233186,110236367,","109687816,109688169,109688672,109689047,109689224,109690270,109690453,109693205,","109687909,109688245,109688737,109689129,109689325,109690366,109690564,109693745,"
GSTP1,TRUE,FALSE,N/A,TRUE,FALSE,N/A,*A,*A,*A,+,11:67348065-67357124,11:67580811-67589653,"67351065,67351604,67351934,67352155,67352608,67353574,67353859,","67351315,67351640,67352041,67352243,67352712,67353682,67354124,","67583811,67584133,67584463,67584684,67585137,67586103,67586388,","67583844,67584169,67584570,67584772,67585241,67586211,67586653,"
GSTT1,TRUE,FALSE,N/A,FALSE,TRUE,N/A,*A,*A,*A,-,22:24373132-24387311,22_KI270879v1_alt:267307-281486,"24376132,24376821,24379360,24381699,24384119,","24376617,24376998,24379511,24381787,24384311,","270307,270996,273535,275874,278294,","270792,271173,273686,275962,278486,"
IFNL3,TRUE,FALSE,N/A,TRUE,FALSE,Diplotype,Reference,Reference,Reference,-,19:39731245-39738646,19:39240552-39248006,"39734245,39734463,39734647,39735056,39735427,","39734370,39734547,39734797,39735134,39735646,","39243552,39243823,39244007,39244416,39244787,","39243730,39243907,39244157,39244494,39245006,"
NAT1,TRUE,FALSE,N/A,TRUE,FALSE,N/A,*4,*4,*4,+,8:18064617-18084198,8:18207108-18226689,"18067617,18076919,18079550,","18067689,18076998,18081198,","18210108,18219410,18222041,","18210180,18219489,18223689,"
NAT2,TRUE,FALSE,N/A,TRUE,FALSE,N/A,*4,*12,*12,+,8:18245791-18261728,8:18388281-18404218,"18248791,18257507,","18248855,18258728,","18391281,18399997,","18391345,18401218,"
NUDT15,TRUE,FALSE,N/A,TRUE,FALSE,Diplotype,*1,*1,*1,+,13:48608702-48624364,13:48034725-48050221,"48611702,48615055,48619795,","48612040,48615252,48621364,","48037725,48040919,48045659,","48037904,48041116,48047221,"
POR,TRUE,FALSE,N/A,TRUE,FALSE,N/A,*1,*1,*1,+,7:75541419-75619173,7:75912154-75989855,"75544419,75583306,75601730,75608768,75609656,75610365,75610834,75611541,75612837,75613055,75614094,75614375,75614896,75615240,75615476,75615654,","75544497,75583498,75601779,75608897,75609806,75610490,75610924,75611640,75612954,75613174,75614276,75614525,75615167,75615386,75615559,75616173,","75915154,75953988,75972412,75979450,75980338,75981047,75981516,75982223,75983519,75983737,75984776,75985057,75985578,75985922,75986158,75986336,","75915179,75954180,75972461,75979579,75980488,75981172,75981606,75982322,75983636,75983856,75984958,75985207,75985849,75986068,75986241,75986855,"
PTGIS,TRUE,FALSE,N/A,TRUE,FALSE,N/A,*1,*1,*1,-,20:48117410-48187674,20:49500873-49571137,"48120410,48127564,48129616,48130763,48140594,48156106,48160841,48164377,48166602,48184579,","48124601,48127716,48129798,48130932,48140776,48156258,48160985,48164556,48166726,48184674,","49503873,49511027,49513079,49514226,49524057,49539569,49544304,49547840,49550065,49568042,","49508064,49511179,49513261,49514395,49524239,49539721,49544448,49548019,49550189,49568137,"
RYR1,TRUE,TRUE,N/A,TRUE,FALSE,Diplotype,Reference,Reference,Reference,+,19:38921339-39081204,19:38430690-38590564,"38924339,38931384,38932988,38934197,38934357,38934788,38935223,38937111,38937333,38938994,38939288,38942403,38943458,38945874,38946090,38946272,38948136,38948690,38949785,38951014,38954062,38954386,38955278,38956730,38958249,38959605,38959944,38964016,38965957,38968349,38969074,38973666,38973929,38976229,38979816,38980715,38981260,38983129,38984991,38986854,38987048,38987499,38989747,38990274,38990547,38991245,38991460,38993146,38993519,38994859,38995387,38995642,38995948,38996445,38996942,38997110,38997468,38998351,39001137,39001299,39002200,39002711,39002884,39005665,39006726,39007998,39009853,39013667,39013856,39014554,39015971,39017632,39018286,39018945,39019238,39019590,39023129,39023310,39025359,39025780,39025955,39026636,39027389,39028519,39033986,39034171,39034410,39037084,39038872,39051752,39055598,39057550,39058412,39061246,39062658,39063816,39066558,39068557,39068783,39070621,39071009,39075582,39076577,39076730,39077164,39077964,","38924514,38931504,38933093,38934272,38934436,38934901,38935317,38937205,38937408,38939151,38939453,38942525,38943654,38946010,38946186,38946391,38948270,38948932,38949978,38951231,38954167,38954490,38955362,38957038,38958452,38959780,38960153,38964411,38966090,38968510,38969240,38973753,38974156,38976842,38980083,38980916,38981372,38983276,38985265,38986969,38987181,38987594,38989883,38990461,38990656,38991366,38991630,38993367,38993610,38995000,38995551,38995721,38996038,38996586,38997017,38997186,38997592,38998467,39001205,39001421,39002250,39002772,39003123,39005747,39006857,39008331,39010094,39013755,39013949,39014569,39016142,39017692,39018424,39019058,39019335,39019697,39023181,39023376,39025459,39025860,39026032,39026710,39027407,39028600,39034075,39034300,39034515,39037166,39039060,39052094,39056411,39057627,39058557,39061333,39062910,39063947,39066601,39068688,39068844,39070768,39071144,39075739,39076642,39076831,39077216,39078204,","38433690,38440744,38442348,38443557,38443717,38444148,38444583,38446471,38446693,38448354,38448648,38451763,38452818,38455234,38455450,38455632,38457496,38458050,38459145,38460374,38463422,38463746,38464638,38466090,38467609,38468965,38469304,38473376,38475317,38477709,38478434,38483026,38483289,38485589,38489176,38490075,38490620,38492489,38494351,38496214,38496408,38496859,38499107,38499634,38499907,38500605,38500820,38502506,38502879,38504219,38504747,38505002,38505308,38505805,38506302,38506470,38506828,38507711,38510497,38510659,38511560,38512071,38512244,38515025,38516086,38517358,38519213,38523027,38523216,38523914,38525331,38526992,38527646,38528305,38528598,38528950,38532489,38532670,38534719,38535140,38535315,38535996,38536749,38537879,38543346,38543531,38543770,38546444,38548232,38561112,38564958,38566910,38567772,38570606,38572018,38573176,38575918,38577917,38578143,38579981,38580369,38584942,38585937,38586090,38586524,38587324,","38433874,38440864,38442453,38443632,38443796,38444261,38444677,38446565,38446768,38448511,38448813,38451885,38453014,38455370,38455546,38455751,38457630,38458292,38459338,38460591,38463527,38463850,38464722,38466398,38467812,38469140,38469513,38473771,38475450,38477870,38478600,38483113,38483516,38486202,38489443,38490276,38490732,38492636,38494625,38496329,38496541,38496954,38499243,38499821,38500016,38500726,38500990,38502727,38502970,38504360,38504911,38505081,38505398,38505946,38506377,38506546,38506952,38507827,38510565,38510781,38511610,38512132,38512483,38515107,38516217,38517691,38519454,38523115,38523309,38523929,38525502,38527052,38527784,38528418,38528695,38529057,38532541,38532736,38534819,38535220,38535392,38536070,38536767,38537960,38543435,38543660,38543875,38546526,38548420,38561454,38565771,38566987,38567917,38570693,38572270,38573307,38575961,38578048,38578204,38580128,38580504,38585099,38586002,38586191,38586576,38587564,"
SLC15A2,TRUE,FALSE,N/A,TRUE,FALSE,N/A,*1,*1,*1,+,3:121610170-121666034,3:121891400-121947188,"121613170,121615252,121616234,121630420,121631867,121634073,121634462,121641066,121641621,121641886,121642068,121643197,121643791,121646604,121647267,121647828,121648148,121649686,121650485,121658195,121659230,121659677,","121613428,121615340,121616376,121630513,121631967,121634164,121634540,121641149,121641708,121641976,121642113,121643230,121643880,121646686,121647402,121647993,121648195,121649797,121650582,121658342,121659335,121663034,","121894400,121896405,121897387,121911573,121913020,121915226,121915615,121922219,121922774,121923039,121923221,121924350,121924944,121927757,121928420,121928981,121929301,121930839,121931638,121939348,121940383,121940830,","121894581,121896493,121897529,121911666,121913120,121915317,121915693,121922302,121922861,121923129,121923266,121924383,121925033,121927839,121928555,121929146,121929348,121930950,121931735,121939495,121940488,121944188,"
SLC22A2,TRUE,FALSE,N/A,TRUE,TRUE,N/A,*1,*3,*3,-,6:160627786-160689853,6:160206754-160268821,"160637793,160645736,160662505,160663325,160664603,160666470,160668215,160670247,160671579,160677645,160679375,","160638530,160645836,160662618,160663434,160664818,160666577,160668330,160670416,160671734,160677749,160679963,","160216754,160224704,160241473,160242293,160243571,160245438,160247183,160249215,160250547,160256613,160258343,","160217498,160224804,160241586,160242402,160243786,160245545,160247298,160249384,160250702,160256717,160258821,"
SLCO1B1,TRUE,FALSE,N/A,TRUE,FALSE,Diplotype,*1A,*1A,*1A,+,12:21281127-21395730,12:21128193-21242796,"21284127,21294447,21325583,21327510,21329709,21331509,21331855,21349879,21353441,21355424,21358801,21370052,21375233,21377655,21391912,","21284170,21294592,21325725,21327643,21329831,21331656,21331954,21350122,21353606,21355620,21358967,21370237,21375298,21377773,21392730,","21131193,21141513,21172649,21174576,21176775,21178575,21178921,21196945,21200507,21202490,21205867,21217118,21222299,21224721,21238978,","21131236,21141658,21172791,21174709,21176897,21178722,21179020,21197188,21200672,21202686,21206033,21217303,21222364,21224839,21239796,"
SLCO1B3,TRUE,FALSE,N/A,TRUE,FALSE,N/A,Reference,Reference,Reference,+,12:20960637-21072845,12:20807704-20919911,"20963637,20966457,20968607,21007961,21011372,21013950,21015345,21015689,21028168,21030705,21032369,21033788,21036351,21051369,21054283,21068937,","20963698,20966572,20968756,21008103,21011505,21014072,21015492,21015788,21028411,21030870,21032565,21033954,21036536,21051434,21054401,21069845,","20810704,20813523,20815673,20855027,20858438,20861016,20862411,20862755,20875234,20877771,20879435,20880854,20883417,20898435,20901349,20916003,","20810764,20813638,20815822,20855169,20858571,20861138,20862558,20862854,20875477,20877936,20879631,20881020,20883602,20898500,20901467,20916911,"
SLCO2B1,TRUE,FALSE,N/A,TRUE,FALSE,N/A,*1,*1,*1,+,11:74859151-74920594,11:75148106-75209549,"74862151,74873699,74875007,74876831,74880217,74880710,74883423,74899180,74904262,74907558,74911268,74913945,74914351,74915444,","74862442,74873830,74875145,74876994,74880451,74880809,74883614,74899283,74904620,74907724,74911432,74914010,74914472,74917594,","75151106,75162654,75163962,75165786,75169172,75169665,75172378,75188135,75193217,75196513,75200223,75202900,75203306,75204399,","75151397,75162785,75164100,75165949,75169406,75169764,75172569,75188238,75193575,75196679,75200387,75202965,75203427,75206549,"
SULT1A1,TRUE,FALSE,N/A,TRUE,TRUE,N/A,*1,*1,*1,-,16:28601907-28636365,16:28590586-28625044,"28616907,28617376,28618081,28618271,28619611,28619798,28620028,28621251,","28617254,28617557,28618176,28618398,28619709,28619924,28620180,28621365,","28605586,28606055,28606760,28606950,28608290,28608477,28608707,28609930,","28605933,28606236,28606855,28607077,28608388,28608603,28608859,28610044,"
TBXAS1,TRUE,FALSE,N/A,TRUE,FALSE,N/A,*1,*3,*1,+,7:139525951-139723125,7:139826263-140023321,"139528951,139572033,139575383,139611023,139635989,139653166,139655257,139657432,139661717,139706890,139715522,139717470,139719824,","139529278,139572127,139575436,139611120,139636106,139653255,139655406,139657563,139662032,139706982,139715660,139717633,139720125,","139829263,139872234,139875584,139911224,139936190,139953367,139955458,139957633,139961918,140007090,140015722,140017670,140020024,","139829479,139872328,139875637,139911321,139936307,139953456,139955607,139957764,139962233,140007182,140015860,140017833,140020321,"
TPMT,TRUE,FALSE,N/A,TRUE,FALSE,Diplotype,*1,*1,*1,-,6:18125541-18158400,6:18125310-18158169,"18128541,18132363,18134034,18139193,18139895,18143826,18148053,18149218,18155263,","18131011,18132408,18134120,18139268,18139948,18143959,18148146,18149402,18155400,","18128310,18132132,18133803,18138962,18139664,18143595,18147822,18148987,18155032,","18130780,18132177,18133889,18139037,18139717,18143728,18147915,18149171,18155169,"
UGT1A1,TRUE,FALSE,N/A,TRUE,FALSE,Diplotype,*1,*1,*1,+,2:234662918-234687945,2:233754269-233779300,"234668918,234675679,234676494,234676865,234680907,","234669797,234675811,234676582,234677085,234681945,","233760269,233767033,233767848,233768219,233772261,","233761151,233767165,233767936,233768439,233773300,"
UGT1A4,TRUE,FALSE,N/A,TRUE,TRUE,N/A,*1,*1,*1,+,2:234624437-234684945,2:233715735-233776300,"234627437,234675679,234676494,234676865,234680907,","234628333,234675811,234676582,234677085,234681945,","233718735,233767033,233767848,233768219,233772261,","233719687,233767165,233767936,233768439,233773300,"
UGT2B7,TRUE,FALSE,N/A,TRUE,FALSE,N/A,*1,*2,*2,+,4:69959191-69981705,4:69093473-69115987,"69962191,69964257,69968524,69972892,69973820,69978174,","69962959,69964406,69968656,69972980,69974040,69978705,","69096473,69098539,69102806,69107174,69108102,69112456,","69097241,69098688,69102938,69107262,69108322,69112987,"
UGT2B15,TRUE,FALSE,N/A,TRUE,TRUE,N/A,*1,*2,*2,-,4:69506314-69542494,4:68640596-68676652,"69512314,69519754,69520812,69528725,69533757,69535612,","69513101,69519974,69520900,69528857,69533906,69536494,","68646596,68654036,68655094,68663007,68668039,68669894,","68647383,68654256,68655182,68663139,68668188,68670652,"
UGT2B17,TRUE,FALSE,N/A,FALSE,TRUE,N/A,*1,*1,*1,-,4:69399901-69437245,4:68534183-68571527,"69402901,69416394,69417541,69426254,69431289,69433478,","69403622,69416614,69417629,69426386,69431438,69434245,","68537183,68550676,68551823,68560536,68565571,68567760,","68537904,68550896,68551911,68560668,68565720,68568527,"
VDR,FALSE,TRUE,N/A,FALSE,FALSE,N/A,N/A,N/A,N/A,-,12:48232319-48301814,12:47838536-47907994,"48235319,48240117,48240439,48249412,48250911,48251286,48258829,48272750,48276476,48298346,","48238788,48240234,48240591,48249584,48251032,48251471,48258960,48272898,48276557,48298814,","47841536,47846334,47846656,47855629,47857128,47857503,47865046,47878967,47882693,47904563,","47845005,47846451,47846808,47855801,47857249,47857688,47865177,47879115,47882774,47904994,"
VKORC1,TRUE,FALSE,N/A,TRUE,FALSE,N/A,Reference,Reference,Reference,-,16:31099162-31109320,16:31087853-31097797,"31102162,31104632,31105877,","31102663,31104742,31106320,","31090853,31093311,31094556,","31091342,31093421,31094797,"
XPC,TRUE,FALSE,N/A,TRUE,FALSE,N/A,Reference,Reference,Reference,-,3:14183646-14223172,3:14142146-14181672,"14186646,14188789,14189407,14190061,14190313,14193834,14197834,14199510,14201240,14206312,14206927,14208668,14209756,14211937,14214366,14219965,","14187659,14188879,14189501,14190231,14190448,14193916,14197995,14200392,14201330,14206433,14207085,14208753,14209880,14212050,14214562,14220172,","14145146,14147289,14147907,14148561,14148813,14152334,14156334,14158010,14159740,14164812,14165427,14167168,14168256,14170437,14172866,14178465,","14146159,14147379,14148001,14148731,14148948,14152416,14156495,14158892,14159830,14164933,14165585,14167253,14168380,14170550,14173062,14178672,"
