Gene,GRCh37Name,GRCh38Name,rsID,Chromosome,GRCh37Position,GRCh38Position,GRCh37Allele,GRCh38Allele,Variant,Impact,Differ
CACNA1S,1-201061121-G-A,1-201091993-G-A,rs772226819,1,201061121,201091993,G,G,A,R174W,FALSE
CACNA1S,1-201029943-C-T,1-201060815-C-T,rs1800559,1,201029943,201060815,C,C,T,R1086H,FALSE
CFTR,7-117149089-G-A,7-117509035-G-A,rs397508256,7,117149089,117509035,G,G,A,E56K,FALSE
CFTR,7-117149123-C-T,7-117509069-C-T,rs368505753,7,117149123,117509069,C,C,T,P67L,FALSE
CFTR,7-117149143-C-T,7-117509089-C-T,rs115545701,7,117149143,117509089,C,C,T,R74W,FALSE
CFTR,7-117171009-C-A,7-117530955-C-A,rs397508537,7,117171009,117530955,C,C,A,D110E,FALSE
CFTR,7-117171007-G-C,7-117530953-G-C,rs113993958,7,117171007,117530953,G,G,C,D110H,FALSE
CFTR,7-117171028-C-T,7-117530974-C-T,rs77834169,7,117171028,117530974,C,C,T,R117C,FALSE
CFTR,7-117171029-G-A,7-117530975-G-A,rs78655421,7,117171029,117530975,G,G,A,R117H,FALSE
CFTR,7-117174372-G-A,7-117534318-G-A,rs80282562,7,117174372,117534318,G,G,A,G178R,FALSE
CFTR,7-117174417-G-A,7-117534363-G-A,rs397508759,7,117174417,117534363,G,G,A,E193K,FALSE
CFTR,7-117175339-T-G,7-117535285-T-G,rs121908752,7,117175339,117535285,T,T,G,L206W,FALSE
CFTR,7-117180324-G-A,7-117540270-G-A,rs77932196,7,117180324,117540270,G,G,A,R347H,FALSE
CFTR,7-117180339-G-A,7-117540285-G-A,rs121908753,7,117180339,117540285,G,G,A,R352Q,FALSE
CFTR,7-117188849-C-A,7-117548795-C-A,rs74551128,7,117188849,117548795,C,C,A,A455E,FALSE
CFTR,7-117199644-ATCT-A,7-117559590-ATCT-A,rs113993960,7,117199644,117559590,ATCT,ATCT,A,F508del,FALSE
CFTR,7-117227854-G-A,7-117587800-G-A,rs121908755,7,117227854,117587800,G,G,A,S549N,FALSE
CFTR,7-117227853-A-C,7-117587799-A-C,rs121908757,7,117227853,117587799,A,A,C,S549R,FALSE
CFTR,7-117227855-T-G,7-117587801-T-G,rs121909005,7,117227855,117587801,T,T,G,S549R,FALSE
CFTR,7-117227859-G-A,7-117587805-G-A,rs121909013,7,117227859,117587805,G,G,A,G551S,FALSE
CFTR,7-117227860-G-A,7-117587806-G-A,rs75527207,7,117227860,117587806,G,G,A,G551D,FALSE
CFTR,7-117230463-A-G,7-117590409-A-G,rs397508288,7,117230463,117590409,A,A,G,D579G,FALSE
CFTR,7-117234984-G-T,7-117594930-G-T,rs397508387,7,117234984,117594930,G,G,T,E831X,FALSE
CFTR,7-117243762-C-T,7-117603708-C-T,rs397508442,7,117243762,117603708,C,C,T,S945L,FALSE
CFTR,7-117246749-C-T,7-117606695-C-T,rs141033578,7,117246749,117606695,C,C,T,S977F,FALSE
CFTR,7-117251649-T-G,7-117611595-T-G,rs150212784,7,117251649,117611595,T,T,G,F1052V,FALSE
CFTR,7-117251674-A-C,7-117611620-A-C,rs397508513,7,117251674,117611620,A,A,C,K1060T,FALSE
CFTR,7-117251694-G-A,7-117611640-G-A,rs121909020,7,117251694,117611640,G,G,A,A1067T,FALSE
CFTR,7-117251700-G-A,7-117611646-G-A,rs200321110,7,117251700,117611646,G,G,A,G1069R,FALSE
CFTR,7-117251704-G-A,7-117611650-G-A,rs78769542,7,117251704,117611650,G,G,A,R1070Q,FALSE
CFTR,7-117251703-C-T,7-117611649-C-T,rs202179988,7,117251703,117611649,C,C,T,R1070W,FALSE
CFTR,7-117251717-T-A,7-117611663-T-A,rs186045772,7,117251717,117611663,T,T,A,F1074L,FALSE
CFTR,7-117254753-G-C,7-117614699-G-C,rs75541969,7,117254753,117614699,G,G,C,D1152H,FALSE
CFTR,7-117282505-G-A,7-117642451-G-A,rs267606723,7,117282505,117642451,G,G,A,G1244E,FALSE
CFTR,7-117282526-G-A,7-117642472-G-A,rs74503330,7,117282526,117642472,G,G,A,S1251N,FALSE
CFTR,7-117282537-T-C,7-117642483-T-C,rs121909041,7,117282537,117642483,T,T,C,S1255P,FALSE
CFTR,7-117282582-G-A,7-117642528-G-A,rs11971167,7,117282582,117642528,G,G,A,D1270N,FALSE
CFTR,7-117304824-G-A,7-117664770-G-A,rs193922525,7,117304824,117664770,G,G,A,G1349D,FALSE
CFTR,7-117174422-A-G,7-117534368-A-G,rs397508761,7,117174422,117534368,A,A,G,N/A,FALSE
CFTR,7-117242922-G-A,7-117602868-G-A,rs80224560,7,117242922,117602868,G,G,A,N/A,FALSE
CFTR,7-117251609-A-G,7-117611555-A-G,rs76151804,7,117251609,117611555,A,A,G,N/A,FALSE
CFTR,7-117280015-C-T,7-117639961-C-T,rs75039782,7,117280015,117639961,C,C,T,N/A,FALSE
CYP1A2,15-75038220-G-A,15-74745879-G-A,rs2069514,15,75038220,74745879,G,G,A,N/A,FALSE
CYP1A2,15-75039612-AT-A,15-74747271-AT-A,rs35694136,15,75039612,74747271,AT,AT,A,N/A,FALSE
CYP1A2,15-75041341-T-G,15-74749000-T-G,rs2069526,15,75041341,74749000,T,T,G,N/A,FALSE
CYP1A2,15-75041351-C-T,15-74749010-C-T,rs12720461,15,75041351,74749010,C,C,T,N/A,FALSE
CYP1A2,15-75041917-C-A,15-74749576-C-A,rs762551,15,75041917,74749576,C,C,A,N/A,FALSE
CYP1A2,15-75042142-C-G,15-74749801-C-G,rs56160784,15,75042142,74749801,C,C,G,F21L,FALSE
CYP1A2,15-75042204-C-G,15-74749863-C-G,rs72547511,15,75042204,74749863,C,C,G,P42R,FALSE
CYP1A2,15-75042327-C-T,15-74749986-C-T,rs138652540,15,75042327,74749986,C,C,T,T83M,FALSE
CYP1A2,15-75042581-G-C,15-74750240-G-C,rs72547512,15,75042581,74750240,G,G,C,E168Q,FALSE
CYP1A2,15-75042637-C-A,15-74750296-C-A,rs72547513,15,75042637,74750296,C,C,A,F186L,FALSE
CYP1A2,15-75042713-A-T,15-74750372-A-T,rs758748797,15,75042713,74750372,A,A,T,S212C,FALSE
CYP1A2,15-75043592-C-A,15-74751251-C-A,rs17861157,15,75043592,74751251,C,C,A,S298R,FALSE
CYP1A2,15-75043593-G-A,15-74751252-G-A,rs35796837,15,75043593,74751252,G,G,A,G299S,FALSE
CYP1A2,15-75044195-G-A,15-74751854-G-A,rs56276455,15,75044195,74751854,G,G,A,D348N,FALSE
CYP1A2,15-75044552-G-A,15-74752211-G-A,rs72547515,15,75044552,74752211,G,G,A,R377Q,FALSE
CYP1A2,15-75044578-A-T,15-74752237-A-T,rs72547516,15,75044578,74752237,A,A,T,I386F,FALSE
CYP1A2,15-75045542-C-T,15-74753201-C-T,rs149928755,15,75045542,74753201,C,C,T,T395M,FALSE
CYP1A2,15-75045547-A-C,15-74753206-A-C,N/A,15,75045547,74753206,A,A,C,N397H,FALSE
CYP1A2,15-75045575-G-A,15-74753234-G-A,rs55889066,15,75045575,74753234,G,G,A,C406Y,FALSE
CYP1A2,15-75045612-G-A,15-74753271-G-A,rs56107638,15,75045612,74753271,G,G,A,Splice Defect,FALSE
CYP1A2,15-75047169-C-T,15-74754828-C-T,rs28399424,15,75047169,74754828,C,C,T,R431W,FALSE
CYP1A2,15-75047184-G-A,15-74754843-G-A,rs144148965,15,75047184,74754843,G,G,A,D436N,FALSE
CYP1A2,15-75047191-C-T,15-74754850-C-T,rs45486893,15,75047191,74754850,C,C,T,T438I,FALSE
CYP1A2,15-75047245-G-A,15-74754904-G-A,rs72547517,15,75047245,74754904,G,G,A,R456H,FALSE
CYP1A2,15-75047363-C-A,15-74755022-C-A,rs143193369,15,75047363,74755022,C,C,A,Y495X,FALSE
CYP1A2,15-75047407-G-A,15-74755066-G-A,rs374094758,15,75047407,74755066,G,G,A,R510Q,FALSE
CYP2A6,19-41349732-C-A,19-40843827-C-A,rs28399468,19,41349732,40843827,C,C,A,R485L,FALSE
CYP2A6,19-41349759-T-C,19-40843854-T-C,rs6413474,19,41349759,40843854,T,T,C,K476R,FALSE
CYP2A6,19-41349774-A-G,19-40843869-A-G,rs5031016,19,41349774,40843869,A,A,G,I471T,FALSE
CYP2A6,19-41349801-A-G,19-40843896-A-G,N/A,19,41349801,40843896,A,A,G,L462P,FALSE
CYP2A6,19-41349874-T-A,19-40843969-T-A,rs143731390,19,41349874,40843969,T,T,A,N438Y,FALSE
CYP2A6,19-41350582-C-G,19-40844677-C-G,rs8192730,19,41350582,40844677,C,C,G,E419D,FALSE
CYP2A6,19-41350587-T-C,19-40844682-T-C,rs28399463,19,41350587,40844682,T,T,C,N418D,FALSE
CYP2A6,19-41350664-A-T,19-40844759-T-A,rs1809810,19,41350664,40844759,A,T,A,Y392F,TRUE
CYP2A6,19-41350671-C-T,19-40844766-C-T,rs376817657,19,41350671,40844766,C,C,T,E390K,FALSE
CYP2A6,19-41351267-C-T,19-40845362-C-T,rs28399454,19,41351267,40845362,C,C,T,V365M,FALSE
CYP2A6,19-41351309-A-G,19-40845404-A-G,rs148166815,19,41351309,40845404,A,A,G,Y351H,FALSE
CYP2A6,19-41351926-G-A,19-40846021-G-A,N/A,19,41351926,40846021,G,G,A,T303I,FALSE
CYP2A6,19-41352808-A-G,19-40846903-A-G,rs763469584,19,41352808,40846903,A,A,G,I268T,FALSE
CYP2A6,19-41352817-C-T,19-40846912-C-T,rs140471703,19,41352817,40846912,C,C,T,R265Q,FALSE
CYP2A6,19-41352941-A-G,19-40847036-A-G,rs28399447,19,41352941,40847036,A,A,G,S224P,FALSE
CYP2A6,19-41354168-TGC-TA,19-40848263-TGC-TA,rs28399445,19,41354168,40848263,TGC,TGC,TA,R203fs,FALSE
CYP2A6,19-41354171-G-A,19-40848266-G-A,rs56256500,19,41354171,40848266,G,G,A,R203C,FALSE
CYP2A6,19-41354171-G-T,19-40848266-G-T,rs56256500,19,41354171,40848266,G,G,T,R203S,FALSE
CYP2A6,19-41354189-CTT-C,19-40848284-CTT-C,rs568811809,19,41354189,40848284,CTT,CTT,C,K196fs,FALSE
CYP2A6,19-41354198-T-C,19-40848293-T-C,rs199916117,19,41354198,40848293,T,T,C,K194E,FALSE
CYP2A6,19-41354533-A-T,19-40848628-A-T,rs1801272,19,41354533,40848628,A,A,T,L160H,FALSE
CYP2A6,19-41354534-G-T,19-40848629-G-T,rs60563539,19,41354534,40848629,G,G,T,L160I,FALSE
CYP2A6,19-41354538-G-C,19-40848633-G-C,rs60605885,19,41354538,40848633,G,G,C,D158E,FALSE
CYP2A6,19-41354565-G-C,19-40848660-G-C,N/A,19,41354565,40848660,G,G,C,I149M,FALSE
CYP2A6,19-41354621-A-C,19-40848716-A-C,rs59552350,19,41354621,40848716,A,A,C,S131A,FALSE
CYP2A6,19-41354629-C-A,19-40848724-C-A,rs4986891,19,41354629,40848724,C,C,A,R128L,FALSE
CYP2A6,19-41354629-C-T,19-40848724-C-T,rs4986891,19,41354629,40848724,C,C,T,R128Q,FALSE
CYP2A6,19-41354660-A-G,19-40848755-A-G,rs2839940,19,41354660,40848755,A,A,G,F118L,FALSE
CYP2A6,19-41355738-C-G,19-40849833-C-G,rs72549435,19,41355738,40849833,C,C,G,V110L,FALSE
CYP2A6,19-41355864-C-T,19-40849959-C-T,rs143690364,19,41355864,40849959,C,C,T,V68M,FALSE
CYP2A6,19-41356246-C-T,19-40850341-C-T,rs28399435,19,41356246,40850341,C,C,T,S29N,FALSE
CYP2A6,19-41356316-T-G,19-40850411-T-G,rs72549432,19,41356316,40850411,T,T,G,M6L,FALSE
CYP2A6,19-41356319-C-T,19-40850414-C-T,rs28399434,19,41356319,40850414,C,C,T,G5R,FALSE
CYP2A6,19-41356379-A-C,19-40850474-A-C,rs28399433,19,41356379,40850474,A,A,C,Promoter Defect,FALSE
CYP2A13,19-41594450-G-A,19-41088545-G-A,rs8192784,19,41594450,41088545,G,G,A,R25Q,FALSE
CYP2A13,19-41594954-C-T,19-41089049-C-T,rs72552266,19,41594954,41089049,C,C,T,R101X,FALSE
CYP2A13,19-41594955-G-A,19-41089050-G-A,rs148044792,19,41594955,41089050,G,G,A,R101Q,FALSE
CYP2A13,19-41596005-G-GCCA,19-41090100-G-GCCA,rs57082577,19,41596005,41090100,G,G,GCCA,134_135insT,FALSE
CYP2A13,19-41596082-C-G,19-41090177-C-G,rs112337232,19,41596082,41090177,C,C,G,D158E,FALSE
CYP2A13,19-41597751-C-T,19-41091846-C-T,rs8192789,19,41597751,41091846,C,C,T,R257C,FALSE
CYP2A13,19-41599670-G-T,19-41093765-G-T,N/A,19,41599670,41093765,G,G,T,V323L,FALSE
CYP2A13,19-41600168-T-C,19-41094263-T-C,rs761528278,19,41600168,41094263,T,T,C,I331T,FALSE
CYP2A13,19-41601719-T-A,19-41095814-T-A,rs72547590,19,41601719,41095814,T,T,A,F453Y,FALSE
CYP2A13,19-41601841-C-T,19-41095936-C-T,rs138870349,19,41601841,41095936,C,C,T,R494C,FALSE
CYP2B6,19-41495755-T-C,19-40989850-T-C,rs2054675,19,41495755,40989850,T,T,C,N/A,FALSE
CYP2B6,19-41496461-T-C,19-40990556-T-C,rs4802101,19,41496461,40990556,T,T,C,N/A,FALSE
CYP2B6,19-41497129-T-C,19-40991224-T-C,rs34223104,19,41497129,40991224,T,T,C,N/A,FALSE
CYP2B6,19-41497272-A-T,19-40991367-A-T,rs34883432,19,41497272,40991367,A,A,T,Q21L,FALSE
CYP2B6,19-41497274-C-T,19-40991369-C-T,rs8192709,19,41497274,40991369,C,C,T,R22C,FALSE
CYP2B6,19-41497286-A-T,19-40991381-A-T,rs33973337,19,41497286,40991381,A,A,T,T26S,FALSE
CYP2B6,19-41497292-G-GGC,19-40991387-G-GGC,rs781463375,19,41497292,40991387,G,G,GGC,DR28GT,FALSE
CYP2B6,19-41497294-CCG-C,19-40991389-CCG-C,rs750679089,19,41497294,40991389,CCG,CCG,C,DR28GT,FALSE
CYP2B6,19-41497346-A-G,19-40991441-A-G,rs35303484,19,41497346,40991441,A,A,G,M46V,FALSE
CYP2B6,19-41509920-T-A,19-41004015-T-A,rs281864907,19,41509920,41004015,T,T,A,Y62X,FALSE
CYP2B6,19-41510030-G-A,19-41004125-G-A,rs36060847,19,41510030,41004125,G,G,A,G99E,FALSE
CYP2B6,19-41510063-G-T,19-41004158-G-T,rs186335453,19,41510063,41004158,G,G,T,G110V,FALSE
CYP2B6,19-41510208-T-C,19-41004303-T-C,rs139801276,19,41510208,41004303,T,T,C,I114T,FALSE
CYP2B6,19-41510282-A-G,19-41004377-A-G,rs12721655,19,41510282,41004377,A,A,G,K139E,FALSE
CYP2B6,19-41510286-G-A,19-41004381-G-A,rs35773040,19,41510286,41004381,G,G,A,R140Q,FALSE
CYP2B6,19-41510311-G-T,19-41004406-G-T,rs145884402,19,41510311,41004406,G,G,T,E148D,FALSE
CYP2B6,19-41512824-C-G,19-41006919-C-G,rs3826711,19,41512824,41006919,C,C,G,P167A,FALSE
CYP2B6,19-41512828-C-T,19-41006923-C-T,rs36056539,19,41512828,41006923,C,C,T,T168I,FALSE
CYP2B6,19-41512841-G-T,19-41006936-G-T,rs3745274,19,41512841,41006936,G,G,T,Q172H,FALSE
CYP2B6,19-41512873-T-G,19-41006968-T-G,rs373489637,19,41512873,41006968,T,T,G,V183G,FALSE
CYP2B6,19-41512918-T-C,19-41007013-T-C,rs36079186,19,41512918,41007013,T,T,C,M198T,FALSE
CYP2B6,19-41515255-C-A,19-41009350-C-A,rs45482602,19,41515255,41009350,C,C,A,S259R,FALSE
CYP2B6,19-41515263-A-G,19-41009358-A-G,rs2279343,19,41515263,41009358,A,A,G,K262R,FALSE
CYP2B6,19-41515911-G-C,19-41010006-G-C,rs139029625,19,41515911,41010006,G,G,C,A279P,FALSE
CYP2B6,19-41515993-C-G,19-41010088-C-G,rs34698757,19,41515993,41010088,C,C,G,T306S,FALSE
CYP2B6,19-41516013-C-A,19-41010108-C-A,rs193922917,19,41516013,41010108,C,C,A,L313I,FALSE
CYP2B6,19-41518221-T-C,19-41012316-T-C,rs28399499,19,41518221,41012316,T,T,C,I328T,FALSE
CYP2B6,19-41518244-C-T,19-41012339-C-T,rs34826503,19,41518244,41012339,C,C,T,R336C,FALSE
CYP2B6,19-41518370-C-T,19-41012465-C-T,rs34097093,19,41518370,41012465,C,C,T,R378X,FALSE
CYP2B6,19-41518598-T-A,19-41012693-T-A,rs35979566,19,41518598,41012693,T,T,A,I391N,FALSE
CYP2B6,19-41518645-G-A,19-41012740-G-A,rs193922918,19,41518645,41012740,G,G,A,A407T,FALSE
CYP2B6,19-41518708-C-A,19-41012803-C-A,rs35010098,19,41518708,41012803,C,C,A,P428T,FALSE
CYP2B6,19-41522631-A-G,19-41016726-A-G,rs3211369,19,41522631,41016726,A,A,G,M459V,FALSE
CYP2B6,19-41522683-G-A,19-41016778-G-A,rs564083989,19,41522683,41016778,G,G,A,G476D,FALSE
CYP2B6,19-41522710-A-T,19-41016805-A-T,N/A,19,41522710,41016805,A,A,T,Q485L,FALSE
CYP2B6,19-41522715-C-T,19-41016810-C-T,rs3211371,19,41522715,41016810,C,C,T,R487C,FALSE
CYP2B6,19-41522715-C-A,19-41016810-C-A,rs3211371,19,41522715,41016810,C,C,A,R487S,FALSE
CYP2C8,10-96796973-TCAA-T,10-95037216-TCAA-T,rs3832694,10,96796973,95037216,TCAA,TCAA,T,461delV,FALSE
CYP2C8,10-96798749-T-C,10-95038992-T-C,rs10509681,10,96798749,95038992,T,T,C,K399R,FALSE
CYP2C8,10-96802647-C-A,10-95042890-C-A,N/A,10,96802647,95042890,C,C,A,K383N,FALSE
CYP2C8,10-96802715-G-A,10-95042958-G-A,rs45438799,10,96802715,95042958,G,G,A,L361F,FALSE
CYP2C8,10-96802804-A-G,10-95043047-A-G,rs146806199,10,96802804,95043047,A,A,G,I331T,FALSE
CYP2C8,10-96805708-C-A,10-95045951-C-A,rs78637571,10,96805708,95045951,C,C,A,E274X,FALSE
CYP2C8,10-96818106-T-A,10-95058349-T-A,rs11572103,10,96818106,95058349,T,T,A,I269F,FALSE
CYP2C8,10-96818119-G-C,10-95058362-G-C,rs1058930,10,96818119,95058362,G,G,C,I264M,FALSE
CYP2C8,10-96818171-T-C,10-95058414-T-C,rs769460274,10,96818171,95058414,T,T,C,K247R,FALSE
CYP2C8,10-96818181-T-C,10-95058424-T-C,rs11572102,10,96818181,95058424,T,T,C,I244V,FALSE
CYP2C8,10-96818199-C-G,10-95058442-C-G,rs188934928,10,96818199,95058442,C,C,G,A238P,FALSE
CYP2C8,10-96818242-A-C,10-95058485-A-C,N/A,10,96818242,95058485,A,A,C,I223M,FALSE
CYP2C8,10-96824643-G-C,10-95064886-G-C,rs72558195,10,96824643,95064886,G,G,C,R186G,FALSE
CYP2C8,10-96824643-G-A,10-95064886-G-A,rs72558195,10,96824643,95064886,G,G,A,R186X,FALSE
CYP2C8,10-96824658-C-T,10-95064901-C-T,rs41286886,10,96824658,95064901,C,C,T,V181I,FALSE
CYP2C8,10-96824688-C-T,10-95064931-C-T,rs142886225,10,96824688,95064931,C,C,T,G171S,FALSE
CYP2C8,10-96826970-GT-G,10-95067213-GT-G,rs72558196,10,96826970,95067213,GT,GT,G,T159fs,FALSE
CYP2C8,10-96827030-C-T,10-95067273-C-T,rs11572080,10,96827030,95067273,C,C,T,R139K,FALSE
CYP2C9,10-96698440-A-G,10-94938683-A-G,rs114071557,10,96698440,94938683,A,A,G,M1V,FALSE
CYP2C9,10-96698494-C-A,10-94938737-C-A,rs67807361,10,96698494,94938737,C,C,A,L19I,FALSE
CYP2C9,10-96698528-C-T,10-94938771-C-T,rs142240658,10,96698528,94938771,C,C,T,P30L,FALSE
CYP2C9,10-96698560-A-G,10-94938803-A-G,rs2031308986,10,96698560,94938803,A,A,G,N41D,FALSE
CYP2C9,10-96698585-A-G,10-94938828-A-G,rs564813580,10,96698585,94938828,A,A,G,D49G,FALSE
CYP2C9,10-96701654-G-C,10-94941897-G-C,rs371055887,10,96701654,94941897,G,G,C,G70R,FALSE
CYP2C9,10-96701672-G-A,10-94941915-G-A,N/A,10,96701672,94941915,G,G,A,V76M,FALSE
CYP2C9,10-96701715-T-C,10-94941958-T-C,rs72558187,10,96701715,94941958,T,T,C,L90P,FALSE
CYP2C9,10-96701733-G-C,10-94941976-G-C,N/A,10,96701733,94941976,G,G,C,G96A,FALSE
CYP2C9,10-96701739-G-T,10-94941982-G-T,rs762239445,10,96701739,94941982,G,G,T,G98V,FALSE
CYP2C9,10-96701775-T-C,10-94942018-T-C,N/A,10,96701775,94942018,T,T,C,F110S,FALSE
CYP2C9,10-96701967-GAAAGAAATGG-G,10-94942210-GAAAGAAATGG-G,rs1304490498,10,96701967,94942210,GAAAGAAATGG,GAAAGAAATGG,G,K118fs,FALSE
CYP2C9,10-96701973-A-G,10-94942216-A-G,rs774607211,10,96701973,94942216,A,A,G,K119R,FALSE
CYP2C9,10-96701987-C-T,10-94942230-C-T,rs767576260,10,96701987,94942230,C,C,T,R124W,FALSE
CYP2C9,10-96701988-G-A,10-94942231-G-A,rs12414460,10,96701988,94942231,G,G,A,R124Q,FALSE
CYP2C9,10-96701990-C-T,10-94942233-C-T,rs375805362,10,96701990,94942233,C,C,T,R125C,FALSE
CYP2C9,10-96701991-G-T,10-94942234-G-T,rs72558189,10,96701991,94942234,G,G,T,R125L,FALSE
CYP2C9,10-96701991-G-A,10-94942234-G-A,rs72558189,10,96701991,94942234,G,G,A,R125H,FALSE
CYP2C9,10-96702006-C-G,10-94942249-C-G,N/A,10,96702006,94942249,C,C,G,T130R,FALSE
CYP2C9,10-96702006-C-T,10-94942249-C-T,rs200965026,10,96702006,94942249,C,C,T,T130M,FALSE
CYP2C9,10-96702011-C-T,10-94942254-C-T,rs199523631,10,96702011,94942254,C,C,T,R132W,FALSE
CYP2C9,10-96702012-G-A,10-94942255-G-A,rs200183364,10,96702012,94942255,G,G,A,R132Q,FALSE
CYP2C9,10-96702047-C-T,10-94942290-C-T,rs1799853,10,96702047,94942290,C,C,T,R144C,FALSE
CYP2C9,10-96702048-G-A,10-94942291-G-A,rs141489852,10,96702048,94942291,G,G,A,R144H,FALSE
CYP2C9,10-96702062-G-A,10-94942305-G-A,rs754487195,10,96702062,94942305,G,G,A,A149T,FALSE
CYP2C9,10-96702066-G-T,10-94942309-G-T,rs7900194,10,96702066,94942309,G,G,T,R150L,FALSE
CYP2C9,10-96702066-G-A,10-94942309-G-A,rs7900194,10,96702066,94942309,G,G,A,R150H,FALSE
CYP2C9,10-96707539-C-A,10-94947782-C-A,rs72558190,10,96707539,94947782,C,C,A,S162X,FALSE
CYP2C9,10-96707542-C-T,10-94947785-C-T,rs774550549,10,96707542,94947785,C,C,T,P163L,FALSE
CYP2C9,10-96707626-A-G,10-94947869-A-G,N/A,10,96707626,94947869,A,A,G,D191G,FALSE
CYP2C9,10-96707664-A-C,10-94947907-A-C,N/A,10,96707664,94947907,A,A,C,N204H,FALSE
CYP2C9,10-96707674-T-C,10-94947917-T-C,rs1326630788,10,96707674,94947917,T,T,C,I207T,FALSE
CYP2C9,10-96707695-A-T,10-94947938-A-T,rs2031531005,10,96707695,94947938,A,A,T,Q214L,FALSE
CYP2C9,10-96708886-A-G,10-94949129-A-G,N/A,10,96708886,94949129,A,A,G,I222V,FALSE
CYP2C9,10-96708901-C-T,10-94949144-C-T,N/A,10,96708901,94949144,C,C,T,P227S,FALSE
CYP2C9,10-96708974-A-G,10-94949217-A-G,rs2256871,10,96708974,94949217,A,A,G,H251R,FALSE
CYP2C9,10-96709037-A-G,10-94949280-A-G,rs9332130,10,96709037,94949280,A,A,G,E272G,FALSE
CYP2C9,10-96709038-GA-G,10-94949281-GA-G,rs9332131,10,96709038,94949281,GA,GA,G,K273fs,FALSE
CYP2C9,10-96731876-C-A,10-94972119-C-A,rs182132442,10,96731876,94972119,C,C,A,P279T,FALSE
CYP2C9,10-96731880-C-G,10-94972123-C-G,N/A,10,96731880,94972123,C,C,G,S280C,FALSE
CYP2C9,10-96731891-A-G,10-94972134-A-G,N/A,10,96731891,94972134,A,A,G,I284V,FALSE
CYP2C9,10-96731936-A-G,10-94972179-A-G,rs72558192,10,96731936,94972179,A,A,G,T299A,FALSE
CYP2C9,10-96731937-C-G,10-94972180-C-G,rs988617574,10,96731937,94972180,C,C,G,T299R,FALSE
CYP2C9,10-96731990-C-T,10-94972233-C-T,rs1237225311,10,96731990,94972233,C,C,T,P317S,FALSE
CYP2C9,10-96740956-G-T,10-94981199-G-T,N/A,10,96740956,94981199,G,G,T,E326D,FALSE
CYP2C9,10-96740958-T-C,10-94981201-T-C,rs57505750,10,96740958,94981201,T,T,C,I327T,FALSE
CYP2C9,10-96740981-C-T,10-94981224-C-T,rs28371685,10,96740981,94981224,C,C,T,R335W,FALSE
CYP2C9,10-96740982-G-A,10-94981225-G-A,rs367826293,10,96740982,94981225,G,G,A,R335Q,FALSE
CYP2C9,10-96740987-C-A,10-94981230-C-A,rs1274535931,10,96740987,94981230,C,C,A,P337T,FALSE
CYP2C9,10-96741007-C-A,10-94981250-C-A,rs750820937,10,96741007,94981250,C,C,A,S343R,FALSE
CYP2C9,10-96741038-G-A,10-94981281-G-A,rs749060448,10,96741038,94981281,G,G,A,E354K,FALSE
CYP2C9,10-96741053-A-C,10-94981296-A-C,rs1057910,10,96741053,94981296,A,A,C,I359L,FALSE
CYP2C9,10-96741054-T-C,10-94981297-T-C,rs56165452,10,96741054,94981297,T,T,C,I359T,FALSE
CYP2C9,10-96741058-C-G,10-94981301-C-G,rs28371686,10,96741058,94981301,C,C,G,D360E,FALSE
CYP2C9,10-96741059-C-A,10-94981302-C-A,rs1250577724,10,96741059,94981302,C,C,A,L361I,FALSE
CYP2C9,10-96741062-C-G,10-94981305-C-G,rs578144976,10,96741062,94981305,C,C,G,L362V,FALSE
CYP2C9,10-96741122-C-T,10-94981365-C-T,N/A,10,96741122,94981365,C,C,T,P382S,FALSE
CYP2C9,10-96741128-G-A,10-94981371-G-A,rs542577750,10,96741128,94981371,G,G,A,Splice Defect,FALSE
CYP2C9,10-96745799-A-G,10-94986042-A-G,rs764211126,10,96745799,94986042,A,A,G,I387V,FALSE
CYP2C9,10-96745830-A-C,10-94986073-A-C,rs72558193,10,96745830,94986073,A,A,C,D397A,FALSE
CYP2C9,10-96748609-C-T,10-94988852-C-T,rs776908257,10,96748609,94988852,C,C,T,R433W,FALSE
CYP2C9,10-96748612-A-T,10-94988855-A-T,N/A,10,96748612,94988855,A,A,T,I434F,FALSE
CYP2C9,10-96748637-G-T,10-94988880-G-T,N/A,10,96748637,94988880,G,G,T,G442V,FALSE
CYP2C9,10-96748674-G-C,10-94988917-G-C,rs769942899,10,96748674,94988917,G,G,C,Q454H,FALSE
CYP2C9,10-96748682-A-G,10-94988925-A-G,rs202201137,10,96748682,94988925,A,A,G,N457S,FALSE
CYP2C9,10-96748712-T-C,10-94988955-T-C,rs767284820,10,96748712,94988955,T,T,C,L467P,FALSE
CYP2C9,10-96748741-G-A,10-94988984-G-A,rs781583846,10,96748741,94988984,G,G,A,A477T,FALSE
CYP2C9,10-96748777-C-T,10-94989020-C-T,rs9332239,10,96748777,94989020,C,C,T,P489S,FALSE
CYP2C9,10-96748780-G-T,10-94989023-G-T,rs868182778,10,96748780,94989023,G,G,T,V490F,FALSE
CYP2C19,10-96521657-C-T,10-94761900-C-T,rs12248560,10,96521657,94761900,C,C,T,N/A,FALSE
CYP2C19,10-96522463-A-G,10-94762706-A-G,rs28399504,10,96522463,94762706,A,A,G,M1V,FALSE
CYP2C19,10-96522469-C-T,10-94762712-C-T,rs367543002,10,96522469,94762712,C,C,T,P3S,FALSE
CYP2C19,10-96522472-T-C,10-94762715-T-C,rs367543003,10,96522472,94762715,T,T,C,F4L,FALSE
CYP2C19,10-96522512-T-C,10-94762755-T-C,rs55752064,10,96522512,94762755,T,T,C,L17P,FALSE
CYP2C19,10-96522517-A-C,10-94762760-A-C,rs17882687,10,96522517,94762760,A,A,C,I19L,FALSE
CYP2C19,10-96522545-A-T,10-94762788-A-T,rs1564656981,10,96522545,94762788,A,A,T,K28I,FALSE
CYP2C19,10-96522613-A-G,10-94762856-A-G,rs1564657013,10,96522613,94762856,A,A,G,S51G,FALSE
CYP2C19,10-96534863-C-T,10-94775106-C-T,rs145328984,10,96534863,94775106,C,C,T,R73C,FALSE
CYP2C19,10-96534878-C-T,10-94775121-C-T,rs1564660997,10,96534878,94775121,C,C,T,H78Y,FALSE
CYP2C19,10-96534917-G-C,10-94775160-G-C,rs118203756,10,96534917,94775160,G,G,C,G91R,FALSE
CYP2C19,10-96534942-A-G,10-94775185-A-G,rs1288601658,10,96534942,94775185,A,A,G,H99R,FALSE
CYP2C19,10-96535124-A-G,10-94775367-A-G,rs12769205,10,96535124,94775367,A,A,G,Splice Defect,FALSE
CYP2C19,10-96535173-T-C,10-94775416-T-C,rs41291556,10,96535173,94775416,T,T,C,W120R,FALSE
CYP2C19,10-96535180-A-C,10-94775423-A-C,rs17885179,10,96535180,94775423,A,A,C,E122A,FALSE
CYP2C19,10-96535210-G-A,10-94775453-G-A,rs72552267,10,96535210,94775453,G,G,A,R132Q,FALSE
CYP2C19,10-96535246-G-A,10-94775489-G-A,rs17884712,10,96535246,94775489,G,G,A,R144H,FALSE
CYP2C19,10-96535264-G-A,10-94775507-G-A,rs58973490,10,96535264,94775507,G,G,A,R150H,FALSE
CYP2C19,10-96540331-G-C,10-94780574-G-C,rs140278421,10,96540331,94780574,G,G,C,R186P,FALSE
CYP2C19,10-96540336-G-A,10-94780579-G-A,rs370803989,10,96540336,94780579,G,G,A,D188N,FALSE
CYP2C19,10-96540410-G-A,10-94780653-G-A,rs4986893,10,96540410,94780653,G,G,A,W212X,FALSE
CYP2C19,10-96541615-C-T,10-94781858-C-T,rs6413438,10,96541615,94781858,C,C,T,P227L,FALSE
CYP2C19,10-96541616-G-A,10-94781859-G-A,rs4244285,10,96541616,94781859,G,G,A,Splice Defect,FALSE
CYP2C19,10-96541701-G-A,10-94781944-G-A,rs375781227,10,96541701,94781944,G,G,A,D256N,FALSE
CYP2C19,10-96541756-T-A,10-94781999-T-A,rs72558186,10,96541756,94781999,T,T,A,Splice Defect,FALSE
CYP2C19,10-96602618-G-A,10-94842861-G-A,rs138142612,10,96602618,94842861,G,G,A,R329H,FALSE
CYP2C19,N/A,10-94842866-A-G,rs3758581,10,96602623,94842866,G,A,G,I331V,TRUE
CYP2C19,10-96602636-G-A,10-94842879-G-A,rs118203757,10,96602636,94842879,G,G,A,R335Q,FALSE
CYP2C19,10-96602752-G-A,10-94842995-G-A,rs113934938,10,96602752,94842995,G,G,A,V374I,FALSE
CYP2C19,10-96609752-C-T,10-94849995-C-T,rs17879685,10,96609752,94849995,C,C,T,R410C,FALSE
CYP2C19,10-96612495-C-T,10-94852738-C-T,rs56337013,10,96612495,94852738,C,C,T,R433W,FALSE
CYP2C19,10-96612522-C-T,10-94852765-C-T,rs192154563,10,96612522,94852765,C,C,T,R442C,FALSE
CYP2C19,10-96612542-C-G,10-94852785-C-G,rs118203759,10,96612542,94852785,C,C,G,F448L,FALSE
CYP2C19,10-96612671-A-C,10-94852914-A-C,rs55640102,10,96612671,94852914,A,A,C,X491C,FALSE
CYP2D6,22-42518426-G-A,22-42122422-G-A,rs764481,22,42518426,42122422,G,G,A,N/A,FALSE
CYP2D6,22-42522580-C-T,22-42126578-C-T,rs1440526469,22,42522580,42126578,C,C,T,R497H,FALSE
CYP2D6,22-42522607-G-A,22-42126605-G-A,rs568495591,22,42522607,42126605,G,G,A,S488F,FALSE
CYP2D6,22-42522613-G-C,22-42126611-C-G,rs1135840,22,42522613,42126611,G,C,C,S486T,TRUE
CYP2D6,22-42522625-G-C,22-42126623-G-C,rs75467367,22,42522625,42126623,G,G,C,A482G,FALSE
CYP2D6,22-42522626-C-T,22-42126624-C-T,rs74478221,22,42522626,42126624,C,C,T,A482T,FALSE
CYP2D6,22-42522629-A-C,22-42126627-A-C,N/A,22,42522629,42126627,A,A,C,F481V,FALSE
CYP2D6,22-42522635-C-G,22-42126633-C-G,N/A,22,42522635,42126633,C,C,G,G479R,FALSE
CYP2D6,22-42522636-A-C,22-42126634-A-C,N/A,22,42522636,42126634,A,A,C,H478Q,FALSE
CYP2D6,22-42522637-T-G,22-42126635-T-G,rs766507177,22,42522637,42126635,T,T,G,H478P,FALSE
CYP2D6,22-42522638-G-A,22-42126636-G-A,rs28371735,22,42522638,42126636,G,G,A,H478Y,FALSE
CYP2D6,22-42522649-C-T,22-42126647-C-T,rs141756339,22,42522649,42126647,C,C,T,R474Q,FALSE
CYP2D6,22-42522662-T-C,22-42126660-T-C,rs1135835,22,42522662,42126660,T,T,C,T470A,FALSE
CYP2D6,22-42522665-G-C,22-42126663-G-C,rs1135833,22,42522665,42126663,G,G,C,P469A,FALSE
CYP2D6,22-42522658-C-CCAGTGGGCA,22-42126656-C-CCAGTGGGCA,rs765776661,22,42522658,42126656,C,C,CCAGTGGGCA,468_470dupVPT,FALSE
CYP2D6,22-42522683-G-C,22-42126681-G-C,N/A,22,42522683,42126681,G,G,C,H463D,FALSE
CYP2D6,22-42522699-G-T,22-42126697-G-T,N/A,22,42522699,42126697,G,G,T,F457L,FALSE
CYP2D6,22-42522721-C-T,22-42126719-C-T,rs369177208,22,42522721,42126719,C,C,T,R450H,FALSE
CYP2D6,22-42522737-C-T,22-42126735-C-T,rs751092905,22,42522737,42126735,C,C,T,G445R,FALSE
CYP2D6,22-42522748-C-T,22-42126746-C-T,rs532668079,22,42522748,42126746,C,C,T,R441H,FALSE
CYP2D6,22-42522749-G-A,22-42126747-G-A,rs730882251,22,42522749,42126747,G,G,A,R441C,FALSE
CYP2D6,22-42522751-C-T,22-42126749-C-T,rs267608319,22,42522751,42126749,C,C,T,R440H,FALSE
CYP2D6,22-42522754-C-T,22-42126752-C-T,rs569439709,22,42522754,42126752,C,C,T,G439D,FALSE
CYP2D6,22-42522879-G-A,22-42126877-G-A,rs3021084,22,42522879,42126877,G,G,A,P430L,FALSE
CYP2D6,22-42522898-G-A,22-42126896-G-A,rs763964554,22,42522898,42126896,G,G,A,Q424X,FALSE
CYP2D6,22-42522916-C-T,22-42126914-C-T,rs28371733,22,42522916,42126914,C,C,T,E418K,FALSE
CYP2D6,22-42522928-G-A,22-42126926-G-A,rs747089665,22,42522928,42126926,G,G,A,R414C,FALSE
CYP2D6,22-42522940-C-T,22-42126938-C-T,rs769157652,22,42522940,42126938,C,C,T,E410K,FALSE
CYP2D6,22-42522958-T-G,22-42126956-T-G,rs1931013246,22,42522958,42126956,T,T,G,K404Q,FALSE
CYP2D6,22-42522982-TGA-T,22-42126980-TGA-T,rs757396767,22,42522982,42126980,TGA,TGA,T,L395fs,FALSE
CYP2D6,22-42523459-C-T,22-42127457-C-T,rs77312092,22,42523459,42127457,C,C,T,R388H,FALSE
CYP2D6,22-42523475-C-T,22-42127473-C-T,rs75386357,22,42523475,42127473,C,C,T,E383K,FALSE
CYP2D6,22-42523514-C-T,22-42127512-C-T,rs61745683,22,42523514,42127512,C,C,T,V370I,FALSE
CYP2D6,22-42523516-A-G,22-42127514-A-G,N/A,22,42523516,42127514,A,A,G,I369T,FALSE
CYP2D6,22-42523525-A-G,22-42127523-A-G,rs1555888910,22,42523525,42127523,A,A,G,F366S,FALSE
CYP2D6,22-42523528-C-T,22-42127526-C-T,rs1058172,22,42523528,42127526,C,C,T,R365H,FALSE
CYP2D6,22-42523532-G-GCA,22-42127530-G-GCA,rs72549346,22,42523532,42127530,G,G,GCA,Q364fs,FALSE
CYP2D6,22-42523558-T-C,22-42127556-T-C,rs202102799,22,42523558,42127556,T,T,C,Y355C,FALSE
CYP2D6,22-42523567-T-C,22-42127565-T-C,rs61736517,22,42523567,42127565,T,T,C,H352R,FALSE
CYP2D6,22-42523591-C-T,22-42127589-C-T,rs76088846,22,42523591,42127589,C,C,T,R344Q,FALSE
CYP2D6,22-42523592-G-A,22-42127590-G-A,rs72549347,22,42523592,42127590,G,G,A,R344X,FALSE
CYP2D6,22-42523595-G-C,22-42127593-G-C,rs267608295,22,42523595,42127593,G,G,C,R343G,FALSE
CYP2D6,22-42523604-C-T,22-42127602-C-T,N/A,22,42523604,42127602,C,C,T,G340R,FALSE
CYP2D6,22-42523610-C-T,22-42127608-C-T,rs59421388,22,42523610,42127608,C,C,T,V338M,FALSE
CYP2D6,22-42523612-T-C,22-42127610-T-C,rs748712690,22,42523612,42127610,T,T,C,D337G,FALSE
CYP2D6,22-42523613-C-T,22-42127611-C-T,rs78209835,22,42523613,42127611,C,C,T,D337N,FALSE
CYP2D6,22-42523621-T-G,22-42127619-T-G,rs72549348,22,42523621,42127619,T,T,G,E334A,FALSE
CYP2D6,22-42523633-C-G,22-42127631-C-G,rs141009491,22,42523633,42127631,C,C,G,R330P,FALSE
CYP2D6,22-42523805-C-T,22-42127803-C-T,rs28371725,22,42523805,42127803,C,C,T,Splice Defect,FALSE
CYP2D6,22-42523843-C-G,22-42127841-C-G,rs72549349,22,42523843,42127841,C,C,G,Splice Defect,FALSE
CYP2D6,22-42523847-GCACATCCGGATGTAGGATC-G,22-42127845-GCACATCCGGATGTAGGATC-G,rs730882170,22,42523847,42127845,GCACATCCGGATGTAGGATC,GCACATCCGGATGTAGGATC,G,M321fs,FALSE
CYP2D6,22-42523854-C-T,22-42127852-C-T,rs79292917,22,42523854,42127852,C,C,T,Splice Defect,FALSE
CYP2D6,22-42523858-T-G,22-42127856-T-G,rs5030867,22,42523858,42127856,T,T,G,H324P,FALSE
CYP2D6,22-42523901-T-C,22-42127899-T-C,N/A,22,42523901,42127899,T,T,C,T310A,FALSE
CYP2D6,22-42523924-A-G,22-42127922-A-G,rs1406719554,22,42523924,42127922,A,A,G,L302P,FALSE
CYP2D6,22-42523940-T-G,22-42127938-T-G,rs949717872,22,42523940,42127938,T,T,G,I297L,FALSE
CYP2D6,22-42523943-A-G,22-42127941-G-A,rs16947,22,42523943,42127941,A,G,G,R296C,TRUE
CYP2D6,22-42523964-TG-T,22-42127962-TG-T,rs267608279,22,42523964,42127962,TG,TG,T,S288fs,FALSE
CYP2D6,22-42523975-T-C,22-42127973-T-C,rs1135829,22,42523975,42127973,T,T,C,N285S,FALSE
CYP2D6,22-42524175-CCTT-C,22-42128173-CCTT-C,rs5030656,22,42524175,42128173,CCTT,CCTT,C,K281del,FALSE
CYP2D6,22-42524183-A-T,22-42128181-A-T,rs1135828,22,42524183,42128181,A,A,T,M279K,FALSE
CYP2D6,22-42524187-C-T,22-42128185-C-T,rs77913725,22,42524187,42128185,C,C,T,E278K,FALSE
CYP2D6,22-42524200-CTCAG-C,22-42128198-CTCAG-C,rs72549351,22,42524200,42128198,CTCAG,CTCAG,C,T272fs,FALSE
CYP2D6,22-42524214-G-A,22-42128212-G-A,rs367543000,22,42524214,42128212,G,G,A,R269X,FALSE
CYP2D6,22-42524219-G-T,22-42128217-G-T,rs148769737,22,42524219,42128217,G,G,T,P267H,FALSE
CYP2D6,22-42524213-C-CG,22-42128211-C-CG,rs72549352,22,42524213,42128211,C,C,CG,R269fs,FALSE
CYP2D6,22-42524237-G-A,22-42128235-G-A,rs267608297,22,42524237,42128235,G,G,A,T261I,FALSE
CYP2D6,22-42524243-CT-C,22-42128241-CT-C,rs35742686,22,42524243,42128241,CT,CT,C,R259fs,FALSE
CYP2D6,22-42524250-CAGTT-C,22-42128248-CAGTT-C,rs72549353,22,42524250,42128248,CAGTT,CAGTT,C,T256fs,FALSE
CYP2D6,22-42524274-T-G,22-42128272-T-G,N/A,22,42524274,42128272,T,T,G,T249P,FALSE
CYP2D6,22-42524310-C-A,22-42128308-C-A,rs28371717,22,42524310,42128308,C,C,A,A237S,FALSE
CYP2D6,22-42524327-A-G,22-42128325-A-G,rs17002853,22,42524327,42128325,A,A,G,L231P,FALSE
CYP2D6,22-42524331-G-A,22-42128329-G-A,rs373813287,22,42524331,42128329,G,G,A,L230F,FALSE
CYP2D6,22-42524353-C-T,22-42128351-C-T,rs377725912,22,42524353,42128351,C,C,T,Splice Defect,FALSE
CYP2D6,22-42524435-T-A,22-42128433-T-A,rs749867663,22,42524435,42128433,T,T,A,N/A,FALSE
CYP2D6,22-42524797-AG-A,22-42128795-AG-A,N/A,22,42524797,42128795,AG,AG,A,L220fs,FALSE
CYP2D6,22-42524814-A-G,22-42128812-A-G,rs199535154,22,42524814,42128812,A,A,G,L213P,FALSE
CYP2D6,22-42524820-T-TC,22-42128818-T-TC,rs72549354,22,42524820,42128818,T,T,TC,L213fs,FALSE
CYP2D6,22-42524850-C-T,22-42128848-C-T,rs745365204,22,42524850,42128848,C,C,T,R201H,FALSE
CYP2D6,22-42524880-C-A,22-42128878-C-A,N/A,22,42524880,42128878,C,C,A,C191F,FALSE
CYP2D6,22-42524881-A-G,22-42128879-A-G,N/A,22,42524881,42128879,A,A,G,C191R,FALSE
CYP2D6,22-42524905-T-TTA,22-42128903-T-TTA,N/A,22,42524905,42128903,T,T,TTA,S183X,FALSE
CYP2D6,22-42524929-T-TGGGGCGAAA,22-42128927-T-TGGGGCGAAA,rs72549356,22,42524929,42128927,T,T,TGGGGCGAAA,174_175insFRP,FALSE
CYP2D6,22-42524929-T-TGGGGCGAAAGGGGCGAAA,22-42128927-T-TGGGGCGAAAGGGGCGAAA,rs72549356,22,42524929,42128927,T,T,TGGGGCGAAAGGGGCGAAA,174_175insFRPx2,FALSE
CYP2D6,22-42524947-C-T,22-42128945-C-T,rs3892097,22,42524947,42128945,C,C,T,Splice Defect,FALSE
CYP2D6,22-42525035-C-T,22-42129033-C-T,rs5030865,22,42525035,42129033,C,C,T,G169R,FALSE
CYP2D6,22-42525035-C-A,22-42129033-C-A,rs5030865,22,42525035,42129033,C,C,A,G169X,FALSE
CYP2D6,22-42525038-A-C,22-42129036-A-C,rs1135826,22,42525038,42129036,A,A,C,S168A,FALSE
CYP2D6,22-42525039-G-T,22-42129037-G-T,rs1135825,22,42525039,42129037,G,G,T,H167Q,FALSE
CYP2D6,22-42525044-T-C,22-42129042-T-C,rs1135824,22,42525044,42129042,T,T,C,N166D,FALSE
CYP2D6,22-42525058-C-G,22-42129056-C-G,N/A,22,42525058,42129056,C,C,G,C161S,FALSE
CYP2D6,22-42525073-T-G,22-42129071-T-G,rs267608302,22,42525073,42129071,T,T,G,E156A,FALSE
CYP2D6,22-42525073-T-A,22-42129071-T-A,N/A,22,42525073,42129071,T,T,A,E156V,FALSE
CYP2D6,22-42525077-C-T,22-42129075-C-T,rs28371710,22,42525077,42129075,C,C,T,E155K,FALSE
CYP2D6,22-42525085-CA-C,22-42129083-CA-C,rs5030655,22,42525085,42129083,CA,CA,C,W152fs,FALSE
CYP2D6,22-42525089-G-C,22-42129087-G-C,rs78482768,22,42525089,42129087,G,G,C,Q151E,FALSE
CYP2D6,22-42525100-T-C,22-42129098-T-C,rs569229126,22,42525100,42129098,T,T,C,K147R,FALSE
CYP2D6,22-42525115-A-G,22-42129113-A-G,rs375135093,22,42525115,42129113,A,A,G,L142S,FALSE
CYP2D6,22-42525134-C-T,22-42129132-C-T,rs61736512,22,42525134,42129132,C,C,T,V136M,FALSE
CYP2D6,22-42525136-G-A,22-42129134-G-A,rs781457579,22,42525136,42129134,G,G,A,S135F,FALSE
CYP2D6,22-42525157-C-T,22-42129155-C-T,rs1180015037,22,42525157,42129155,C,C,T,W128X,FALSE
CYP2D6,22-42525168-A-C,22-42129166-A-C,rs766391487,22,42525168,42129166,A,A,C,Y124X,FALSE
CYP2D6,22-42525176-C-A,22-42129174-C-A,rs1135823,22,42525176,42129174,C,C,A,A122S,FALSE
CYP2D6,22-42525182-A-T,22-42129180-A-T,rs1135822,22,42525182,42129180,A,A,T,F120I,FALSE
CYP2D6,22-42525185-C-T,22-42129183-C-T,rs374616348,22,42525185,42129183,C,C,T,V119M,FALSE
CYP2D6,22-42525761-C-T,22-42129759-C-T,rs535642512,22,42525761,42129759,C,C,T,G111S,FALSE
CYP2D6,22-42525767-T-C,22-42129765-T-C,rs78459009,22,42525767,42129765,T,T,C,I109V,FALSE
CYP2D6,22-42525772-G-A,22-42129770-G-A,rs28371706,22,42525772,42129770,G,G,A,T107I,FALSE
CYP2D6,22-42525772-G-T,22-42129770-G-T,rs28371706,22,42525772,42129770,G,G,T,T107N,FALSE
CYP2D6,22-42525773-T-A,22-42129771-T-A,rs74802369,22,42525773,42129771,T,T,A,T107S,FALSE
CYP2D6,22-42525781-A-G,22-42129779-A-G,rs76187628,22,42525781,42129779,A,A,G,V104A,FALSE
CYP2D6,22-42525782-C-T,22-42129780-C-T,rs267608308,22,42525782,42129780,C,C,T,V104M,FALSE
CYP2D6,22-42525811-T-C,22-42129809-T-C,rs28371704,22,42525811,42129809,T,T,C,H94R,FALSE
CYP2D6,22-42525821-G-T,22-42129819-G-T,rs28371703,22,42525821,42129819,G,G,T,L91M,FALSE
CYP2D6,22-42525823-G-A,22-42129821-G-A,rs267608309,22,42525823,42129821,G,G,A,A90V,FALSE
CYP2D6,22-42525829-C-G,22-42129827-C-G,rs267608276,22,42525829,42129827,C,C,G,R88P,FALSE
CYP2D6,22-42525838-G-A,22-42129836-G-A,rs267608310,22,42525838,42129836,G,G,A,A85V,FALSE
CYP2D6,22-42525889-A-C,22-42129887-A-C,rs1456026511,22,42525889,42129887,A,A,C,V68G,FALSE
CYP2D6,22-42525908-G-A,22-42129906-G-A,rs267608311,22,42525908,42129906,G,G,A,R62W,FALSE
CYP2D6,22-42525912-C-G,22-42129910-C-G,rs201377835,22,42525912,42129910,C,C,G,Splice Defect,FALSE
CYP2D6,22-42526656-C-CA,22-42130654-C-CA,rs774671100,22,42526656,42130654,C,C,CA,L47fs,FALSE
CYP2D6,22-42526669-C-T,22-42130667-C-T,rs118203758,22,42526669,42130667,C,C,T,G42E,FALSE
CYP2D6,22-42526670-C-T,22-42130668-C-T,rs5030862,22,42526670,42130668,C,C,T,G42R,FALSE
CYP2D6,22-42526694-G-A,22-42130692-G-A,rs1065852,22,42526694,42130692,G,G,A,P34S,FALSE
CYP2D6,22-42526712-G-A,22-42130710-G-A,rs138100349,22,42526712,42130710,G,G,A,R28C,FALSE
CYP2D6,22-42526717-C-T,22-42130715-C-T,rs28371696,22,42526717,42130715,C,C,T,R26H,FALSE
CYP2D6,22-42526721-G-A,22-42130719-G-A,rs267608313,22,42526721,42130719,G,G,A,R25W,FALSE
CYP2D6,22-42526729-AG-A,22-42130727-AG-A,N/A,22,42526729,42130727,AG,AG,A,L22X,FALSE
CYP2D6,22-42526763-C-T,22-42130761-C-T,rs769258,22,42526763,42130761,C,C,T,V11M,FALSE
CYP2D6,22-42526775-C-T,22-42130773-C-T,rs72549358,22,42526775,42130773,C,C,T,V7M,FALSE
CYP2D6,22-42526780-G-A,22-42130778-G-A,rs773790593,22,42526780,42130778,G,G,A,A5V,FALSE
CYP2D6,22-42526836-A-AC,22-42130834-A-AC,rs28371695,22,42526836,42130834,A,A,AC,N/A,FALSE
CYP2D6,22-42537023-T-C,22-42141012-T-C,rs2860372,22,42537023,42141012,T,T,C,N/A,FALSE
CYP2E1,10-135339605-G-C,10-133526101-G-C,rs3813867,10,135339605,133526101,G,G,C,N/A,FALSE
CYP2E1,10-135339845-C-T,10-133526341-C-T,rs2031920,10,135339845,133526341,C,C,T,N/A,FALSE
CYP2E1,10-135340567-A-T,10-133527063-A-T,rs2070673,10,135340567,133527063,A,A,T,N/A,FALSE
CYP2E1,10-135342034-G-A,10-133528530-G-A,rs72559710,10,135342034,133528530,G,G,A,R76H,FALSE
CYP2E1,10-135345675-G-A,10-133532171-G-A,rs6413419,10,135345675,133532171,G,G,A,V179I,FALSE
CYP2E1,10-135348873-T-A,10-133535369-T-A,N/A,10,135348873,133535369,T,T,A,N/A,FALSE
CYP2E1,10-135351264-G-A,10-133537760-G-A,rs55897648,10,135351264,133537760,G,G,A,V389I,FALSE
CYP2F1,19-41622107-G-GC,19-41116202-G-GC,rs3833221,19,41622107,41116202,G,G,GC,T6fs,FALSE
CYP2F1,19-41622205-T-C,19-41116300-T-C,rs58285195,19,41622205,41116300,T,T,C,S38P,FALSE
CYP2F1,19-41622481-G-C,19-41116576-G-C,rs57670668,19,41622481,41116576,G,G,C,R98P,FALSE
CYP2F1,19-41627868-G-A,19-41121963-G-A,rs305974,19,41627868,41121963,G,G,A,D218N,FALSE
CYP2F1,19-41628014-G-C,19-41122109-G-C,rs75405062,19,41628014,41122109,G,G,C,Q266H,FALSE
CYP2F1,19-41631417-T-C,19-41125512-T-C,rs144315434,19,41631417,41125512,T,T,C,L391P,FALSE
CYP2F1,19-41633980-C-T,19-41128075-C-T,rs7246981,19,41633980,41128075,C,C,T,P490L,FALSE
CYP2J2,1-60366757-T-A,1-59901085-T-A,rs72547598,1,60366757,59901085,T,T,A,N404Y,FALSE
CYP2J2,1-60370682-G-A,1-59905010-G-A,rs148429756,1,60370682,59905010,G,G,A,P351L,FALSE
CYP2J2,1-60370710-C-T,1-59905038-C-T,rs56053398,1,60370710,59905038,C,C,T,D342N,FALSE
CYP2J2,1-60373527-C-T,1-59907855-C-T,rs150461093,1,60373527,59907855,C,C,T,G312R,FALSE
CYP2J2,1-60377389-A-T,1-59911717-A-T,rs66515830,1,60377389,59911717,A,A,T,I192N,FALSE
CYP2J2,1-60377885-G-A,1-59912213-G-A,rs56307989,1,60377885,59912213,G,G,A,R158C,FALSE
CYP2J2,1-60377930-T-C,1-59912258-T-C,rs55753213,1,60377930,59912258,T,T,C,T143A,FALSE
CYP2J2,1-60381639-G-A,1-59915967-G-A,rs1644461311,1,60381639,59915967,G,G,A,P115L,FALSE
CYP2J2,1-60392494-C-A,1-59926822-C-A,rs890293,1,60392494,59926822,C,C,A,N/A,FALSE
CYP2R1,11-14907393-A-G,11-14885847-A-G,rs61495246,11,14907393,14885847,A,A,G,L99P,FALSE
CYP2S1,19-41700453-G-A,19-41194548-G-A,rs200051547,19,41700453,41194548,G,G,A,S61N,FALSE
CYP2S1,19-41704648-T-G,19-41198743-T-G,rs8192795,19,41704648,41198743,T,T,G,L230R,FALSE
CYP2S1,19-41709516-C-T,19-41203611-C-T,rs72547592,19,41709516,41203611,C,C,T,R380C,FALSE
CYP2S1,19-41712275-C-T,19-41206370-C-T,rs34971233,19,41712275,41206370,C,C,T,P466L,FALSE
CYP2W1,7-1023013-C-T,7-983377-C-T,rs2272375,7,1023013,983377,C,C,T,N/A,FALSE
CYP2W1,7-1023020-A-C,7-983384-A-C,rs1316523256,7,1023020,983384,A,A,C,E58A,FALSE
CYP2W1,7-1024855-G-A,7-985219-G-A,rs3735684,7,1024855,985219,G,G,A,A181T,FALSE
CYP2W1,7-1028279-G-A,7-988643-G-A,rs78873069,7,1028279,988643,G,G,A,V432I,FALSE
CYP2W1,7-1028431-G-C,7-988795-G-C,rs773499447,7,1028431,988795,G,G,C,Q482H,FALSE
CYP2W1,7-1028448-C-T,7-988812-C-T,rs3808348,7,1028448,988812,C,C,T,P488L,FALSE
CYP3A4,7-99355806-G-GT,7-99758183-G-GT,rs67666821,7,99355806,99758183,G,G,GT,P488fs,FALSE
CYP3A4,7-99358459-G-A,7-99760836-G-A,rs4986913,7,99358459,99760836,G,G,A,P467S,FALSE
CYP3A4,7-99358524-A-G,7-99760901-A-G,rs4986910,7,99358524,99760901,A,A,G,M445T,FALSE
CYP3A4,7-99358579-T-C,7-99760956-T-C,rs774109750,7,99358579,99760956,T,T,C,I427V,FALSE
CYP3A4,7-99359670-G-A,7-99762047-G-A,rs4986909,7,99359670,99762047,G,G,A,P416L,FALSE
CYP3A4,7-99359800-G-A,7-99762177-G-A,rs12721629,7,99359800,99762177,G,G,A,L373F,FALSE
CYP3A4,7-99359809-C-A,7-99762186-C-A,rs756833413,7,99359809,99762186,C,C,A,A370S,FALSE
CYP3A4,7-99359829-G-A,7-99762206-G-A,rs67784355,7,99359829,99762206,G,G,A,T363M,FALSE
CYP3A4,7-99361500-A-G,7-99763877-A-G,rs368296206,7,99361500,99763877,A,A,G,I335T,FALSE
CYP3A4,7-99361532-G-T,7-99763909-G-T,rs1303250043,7,99361532,99763909,G,G,T,H324Q,FALSE
CYP3A4,7-99361548-T-C,7-99763925-T-C,rs201821708,7,99361548,99763925,T,T,C,Y319C,FALSE
CYP3A4,7-99361626-A-G,7-99764003-A-G,rs28371759,7,99361626,99764003,A,A,G,L293P,FALSE
CYP3A4,7-99364034-G-GT,7-99766411-G-GT,rs4646438,7,99364034,99766411,G,G,GT,D277fs,FALSE
CYP3A4,7-99364063-G-A,7-99766440-G-A,rs138105638,7,99364063,99766440,G,G,A,R268X,FALSE
CYP3A4,7-99365983-A-G,7-99768360-A-G,rs55785340,7,99365983,99768360,A,A,G,S222P,FALSE
CYP3A4,7-99365994-G-C,7-99768371-G-C,rs55901263,7,99365994,99768371,G,G,C,P218R,FALSE
CYP3A4,7-99366047-T-A,7-99768424-T-A,rs113667357,7,99366047,99768424,T,T,A,Q200H,FALSE
CYP3A4,7-99366081-A-G,7-99768458-A-G,rs4987161,7,99366081,99768458,A,A,G,F189S,FALSE
CYP3A4,7-99366093-G-C,7-99768470-G-C,rs12721627,7,99366093,99768470,G,G,C,T185S,FALSE
CYP3A4,7-99366316-G-A,7-99768693-G-A,rs35599367,7,99366316,99768693,G,G,A,Splice Defect,FALSE
CYP3A4,7-99367392-C-G,7-99769769-C-G,rs4986908,7,99367392,99769769,C,C,G,D174H,FALSE
CYP3A4,7-99367404-C-T,7-99769781-C-T,rs72552798,7,99367404,99769781,C,C,T,V170I,FALSE
CYP3A4,7-99367427-C-T,7-99769804-C-T,rs4986907,7,99367427,99769804,C,C,T,R162Q,FALSE
CYP3A4,7-99367428-G-A,7-99769805-G-A,rs57409622,7,99367428,99769805,G,G,A,R162W,FALSE
CYP3A4,7-99367788-C-T,7-99770165-C-T,rs72552799,7,99367788,99770165,C,C,T,R130Q,FALSE
CYP3A4,7-99367789-G-A,7-99770166-G-A,rs778013004,7,99367789,99770166,G,G,A,R130X,FALSE
CYP3A4,7-99367825-T-C,7-99770202-T-C,rs55951658,7,99367825,99770202,T,T,C,I118V,FALSE
CYP3A4,7-99367840-A-T,7-99770217-A-T,rs1449865051,7,99367840,99770217,A,A,T,F113I,FALSE
CYP3A4,7-99375702-C-T,7-99778079-C-T,rs56324128,7,99375702,99778079,C,C,T,G56D,FALSE
CYP3A4,7-99381641-G-C,7-99784018-G-C,rs570051168,7,99381641,99784018,G,G,C,L22V,FALSE
CYP3A4,7-99381661-A-G,7-99784038-A-G,rs12721634,7,99381661,99784038,A,A,G,L15P,FALSE
CYP3A4,7-99381698-G-C,7-99784075-G-C,rs188389063,7,99381698,99784075,G,G,C,L3V,FALSE
CYP3A5,7-99250236-G-T,7-99652613-G-T,rs28365083,7,99250236,99652613,G,G,T,T398N,FALSE
CYP3A5,7-99250393-T-TA,7-99652770-T-TA,rs41303343,7,99250393,99652770,T,T,TA,T346fs,FALSE
CYP3A5,7-99258139-C-T,7-99660516-C-T,rs28383479,7,99258139,99660516,C,C,T,A337T,FALSE
CYP3A5,7-99262835-C-T,7-99665212-C-T,rs10264272,7,99262835,99665212,C,C,T,Splice Defect,FALSE
CYP3A5,7-99262860-T-C,7-99665237-T-C,rs56411402,7,99262860,99665237,T,T,C,Q200R,FALSE
CYP3A5,7-99264573-A-G,7-99666950-A-G,rs55965422,7,99264573,99666950,A,A,G,Splice Defect,FALSE
CYP3A5,7-99270539-C-T,7-99672916-T-C,rs776746,7,99270539,99672916,C,T,C,Splice Defect,TRUE
CYP3A5,7-99273821-G-A,7-99676198-G-A,rs55817950,7,99273821,99676198,G,G,A,R28C,FALSE
CYP3A7,7-99306685-C-G,7-99709062-G-C,rs2257401,7,99306685,99709062,C,G,C,T409R,TRUE
CYP3A7,7-99328706-C-CA,7-99731083-C-CA,rs755093770,7,99328706,99731083,C,C,CA,L47fs,FALSE
CYP3A43,7-99434077-TA-T,7-99836454-TA-T,rs61469810,7,99434077,99836454,TA,TA,T,Y25fs,FALSE
CYP3A43,7-99457605-C-G,7-99859982-C-G,rs680055,7,99457605,99859982,C,C,G,P340A,FALSE
CYP4F2,19-16008388-A-C,19-15897578-A-C,rs3093105,19,16008388,15897578,A,A,C,W12G,FALSE
CYP4F2,19-15990431-C-T,19-15879621-C-T,rs2108622,19,15990431,15879621,C,C,T,V433M,FALSE
CYP26A1,10-94834638-C-A,10-93074881-C-A,rs61735552,10,94834638,93074881,C,C,A,R173S,FALSE
CYP26A1,10-94834679-C-A,10-93074922-C-A,rs1376885914,10,94834679,93074922,C,C,A,F186L,FALSE
CYP26A1,10-94836373-T-C,10-93076616-T-C,rs146619916,10,94836373,93076616,T,T,C,C358R,FALSE
DPYD,1-98058899-C-A,1-97593343-C-A,rs72549306,1,98058899,97593343,C,C,A,V335L,FALSE
DPYD,1-98058878-C-T,1-97593322-C-T,rs183385770,1,98058878,97593322,C,C,T,D342N,FALSE
DPYD,1-98058845-G-A,1-97593289-G-A,rs143154602,1,98058845,97593289,G,G,A,R353C,FALSE
DPYD,1-98058794-T-C,1-97593238-T-C,rs72549305,1,98058794,97593238,T,T,C,I370V,FALSE
DPYD,1-98045449-G-C,1-97579893-G-C,rs75017182,1,98045449,97579893,G,G,C,N/A,FALSE
DPYD,1-98039499-C-A,1-97573943-C-A,rs78060119,1,98039499,97573943,C,C,A,E386X,FALSE
DPYD,1-98039475-G-A,1-97573919-G-A,rs140602333,1,98039475,97573919,G,G,A,R394W,FALSE
DPYD,1-98039474-C-A,1-97573918-C-A,rs143815742,1,98039474,97573918,C,C,A,R394L,FALSE
DPYD,1-98039437-C-T,1-97573881-C-T,rs61622928,1,98039437,97573881,C,C,T,M406I,FALSE
DPYD,1-98039419-C-T,1-97573863-C-T,rs56038477,1,98039419,97573863,C,C,T,N/A,FALSE
DPYD,1-98039395-A-T,1-97573839-A-T,rs200064537,1,98039395,97573839,A,A,T,N420K,FALSE
DPYD,1-98039377-C-A,1-97573821-C-A,rs764666241,1,98039377,97573821,C,C,A,M426I,FALSE
DPYD,1-98039361-C-T,1-97573805-C-T,rs142512579,1,98039361,97573805,C,C,T,D432N,FALSE
DPYD,1-98039341-A-C,1-97573785-A-C,rs186169810,1,98039341,97573785,A,A,C,F438L,FALSE
DPYD,1-98015291-G-A,1-97549735-G-A,rs72975710,1,98015291,97549735,G,G,A,A450V,FALSE
DPYD,1-98015282-G-C,1-97549726-G-C,rs144395748,1,98015282,97549726,G,G,C,P453R,FALSE
DPYD,1-98015269-G-A,1-97549713-G-A,rs57918000,1,98015269,97549713,G,G,A,N/A,FALSE
DPYD,1-98015237-G-T,1-97549681-G-T,rs199549923,1,98015237,97549681,G,G,T,T468N,FALSE
DPYD,1-98015165-G-A,1-97549609-G-A,rs72549304,1,98015165,97549609,G,G,A,S492L,FALSE
DPYD,1-98015156-T-C,1-97549600-T-C,rs111858276,1,98015156,97549600,T,T,C,D495G,FALSE
DPYD,1-98015121-C-T,1-97549565-C-T,rs138391898,1,98015121,97549565,C,C,T,V507I,FALSE
DPYD,1-97981479-C-T,1-97515923-C-T,rs148994843,1,97981479,97515923,C,C,T,V515I,FALSE
DPYD,1-97981445-G-C,1-97515889-G-C,rs190951787,1,97981445,97515889,G,G,C,T526S,FALSE
DPYD,1-97981421-C-T,1-97515865-C-T,rs1801158,1,97981421,97515865,C,C,T,S534N,FALSE
DPYD,1-97981407-C-T,1-97515851-C-T,rs142619737,1,97981407,97515851,C,C,T,G539R,FALSE
DPYD,1-97981395-T-C,1-97515839-T-C,rs1801159,1,97981395,97515839,T,T,C,I543V,FALSE
DPYD,1-97981343-A-C,1-97515787-A-C,rs55886062,1,97981343,97515787,A,A,C,I560S,FALSE
DPYD,1-97981340-C-A,1-97515784-C-A,rs201615754,1,97981340,97515784,C,C,A,R561L,FALSE
DPYD,1-97915746-G-A,1-97450190-G-A,rs59086055,1,97915746,97450190,G,G,A,R592W,FALSE
DPYD,1-97915745-C-T,1-97450189-C-T,rs138616379,1,97915745,97450189,C,C,T,R592Q,FALSE
DPYD,1-97915743-C-T,1-97450187-C-T,rs145773863,1,97915743,97450187,C,C,T,G593R,FALSE
DPYD,1-97915724-A-G,1-97450168-A-G,rs147601618,1,97915724,97450168,A,A,G,M599T,FALSE
DPYD,1-97915624-A-G,1-97450068-A-G,rs17376848,1,97915624,97450068,A,A,G,N/A,FALSE
DPYD,1-97915621-TG-T,1-97450065-TG-T,rs72549303,1,97915621,97450065,TG,TG,T,P633fs,FALSE
DPYD,1-97915614-C-T,1-97450058-C-T,rs3918290,1,97915614,97450058,C,C,T,Splice Defect,FALSE
DPYD,1-97915615-G-C,1-97450059-G-C,rs3918289,1,97915615,97450059,G,G,C,N635K,FALSE
DPYD,1-97848017-T-G,1-97382461-T-G,rs55971861,1,97848017,97382461,T,T,G,I636L,FALSE
DPYD,1-97839185-C-A,1-97373629-C-A,rs138545885,1,97839185,97373629,C,C,A,A664S,FALSE
DPYD,1-97839154-C-T,1-97373598-C-T,rs137999090,1,97839154,97373598,C,C,T,G674D,FALSE
DPYD,1-97771751-C-T,1-97306195-C-T,rs145548112,1,97771751,97306195,C,C,T,A721T,FALSE
DPYD,1-97770928-G-A,1-97305372-G-A,rs146529561,1,97770928,97305372,G,G,A,A729V,FALSE
DPYD,1-97770920-C-T,1-97305364-C-T,rs1801160,1,97770920,97305364,C,C,T,V732I,FALSE
DPYD,1-97770919-A-C,1-97305363-A-C,rs60511679,1,97770919,97305363,A,A,C,V732G,FALSE
DPYD,1-97770835-G-A,1-97305279-G-A,rs112766203,1,97770835,97305279,G,G,A,T760I,FALSE
DPYD,1-97700547-G-T,1-97234991-G-T,rs56005131,1,97700547,97234991,G,G,T,T768K,FALSE
DPYD,1-97700514-G-T,1-97234958-G-T,rs199634007,1,97700514,97234958,G,G,T,T779N,FALSE
DPYD,1-97658765-C-T,1-97193209-C-T,rs200687447,1,97658765,97193209,C,C,T,E828K,FALSE
DPYD,1-97658665-T-C,1-97193109-T-C,rs60139309,1,97658665,97193109,T,T,C,K861R,FALSE
DPYD,1-97564188-T-G,1-97098632-T-G,rs201035051,1,97564188,97098632,T,T,G,K875Q,FALSE
DPYD,1-97564172-C-A,1-97098616-C-A,rs55674432,1,97564172,97098616,C,C,A,G880V,FALSE
DPYD,1-97564155-G-A,1-97098599-G-A,rs147545709,1,97564155,97098599,G,G,A,R886C,FALSE
DPYD,1-97564154-C-T,1-97098598-C-T,rs1801267,1,97564154,97098598,C,C,T,R886H,FALSE
DPYD,1-97547947-T-A,1-97082391-T-A,rs67376798,1,97547947,97082391,T,T,A,D949V,FALSE
DPYD,1-97547921-T-C,1-97082365-T-C,rs141044036,1,97547921,97082365,T,T,C,K958E,FALSE
DPYD,1-97544695-T-C,1-97079139-T-C,rs145529148,1,97544695,97079139,T,T,C,Q972R,FALSE
DPYD,1-97544689-T-A,1-97079133-T-A,rs72547602,1,97544689,97079133,T,T,A,D974V,FALSE
DPYD,1-97544677-T-C,1-97079121-T-C,rs72547601,1,97544677,97079121,T,T,C,H978R,FALSE
DPYD,1-98205966-GATGA-G,1-97740410-GATGA-G,rs72549309,1,98205966,97740410,GATGA,GATGA,G,F100fs,FALSE
DPYD,1-97544633-G-A,1-97079077-G-A,rs202144771,1,97544633,97079077,G,G,A,L993F,FALSE
DPYD,1-97544632-A-C,1-97079076-A-C,rs139459586,1,97544632,97079076,A,A,C,L993R,FALSE
DPYD,1-97544627-C-A,1-97079071-C-A,rs1801268,1,97544627,97079071,C,C,A,V995F,FALSE
DPYD,1-97544561-C-T,1-97079005-C-T,rs140114515,1,97544561,97079005,C,C,T,V1017I,FALSE
DPYD,1-97544549-C-G,1-97078993-C-G,rs148799944,1,97544549,97078993,C,C,G,V1021L,FALSE
DPYD,1-97544543-G-T,1-97078987-G-T,rs114096998,1,97544543,97078987,G,G,T,P1023T,FALSE
DPYD,1-98205956-C-T,1-97740400-C-T,rs150385342,1,98205956,97740400,C,C,T,A105T,FALSE
DPYD,1-98187206-T-C,1-97721650-T-C,rs141462178,1,98187206,97721650,T,T,C,M115V,FALSE
DPYD,1-98187098-T-C,1-97721542-T-C,rs200562975,1,98187098,97721542,T,T,C,N151D,FALSE
DPYD,1-98348924-G-C,1-97883368-G-C,rs150036960,1,98348924,97883368,G,G,C,L16V,FALSE
DPYD,1-98165091-T-C,1-97699535-T-C,rs2297595,1,98165091,97699535,T,T,C,M166V,FALSE
DPYD,1-98165089-C-T,1-97699533-C-T,rs139834141,1,98165089,97699533,C,C,T,M166I,FALSE
DPYD,1-98165062-C-T,1-97699506-C-T,rs6670886,1,98165062,97699506,C,C,T,N/A,FALSE
DPYD,1-98165030-T-C,1-97699474-T-C,rs115232898,1,98165030,97699474,T,T,C,Y186C,FALSE
DPYD,1-98164986-T-G,1-97699430-T-G,rs72549308,1,98164986,97699430,T,T,G,S201R,FALSE
DPYD,1-98348909-G-A,1-97883353-G-A,rs72549310,1,98348909,97883353,G,G,A,R21X,FALSE
DPYD,1-98348908-C-T,1-97883352-C-T,rs80081766,1,98348908,97883352,C,C,T,R21Q,FALSE
DPYD,1-98164955-T-C,1-97699399-T-C,rs72549307,1,98164955,97699399,T,T,C,Y211C,FALSE
DPYD,1-98157332-G-A,1-97691776-G-A,rs1801266,1,98157332,97691776,G,G,A,R235W,FALSE
DPYD,1-98144726-T-C,1-97679170-T-C,rs45589337,1,98144726,97679170,T,T,C,K259E,FALSE
DPYD,N/A,1-97883329-A-G,rs1801265,1,98348885,97883329,G,A,G,C29R,TRUE
DPYD,1-98060705-T-C,1-97595149-T-C,rs146356975,1,98060705,97595149,T,T,C,K290E,FALSE
DPYD,1-98060644-A-G,1-97595088-A-G,rs150437414,1,98060644,97595088,A,A,G,L310S,FALSE
DPYD,1-98060639-G-A,1-97595083-G-A,rs145112791,1,98060639,97595083,G,G,A,L312F,FALSE
DPYD,1-98058935-C-T,1-97593379-C-T,rs201018345,1,98058935,97593379,C,C,T,A323T,FALSE
GSTM1,1-110233138-G-C,1-109690516-G-C,rs1065411,1,110233138,109690516,G,G,C,K173N,FALSE
GSTP1,11-67352689-A-G,11-67585218-A-G,rs1695,11,67352689,67585218,A,A,G,I105V,FALSE
GSTP1,11-67353579-C-T,11-67586108-C-T,rs1138272,11,67353579,67586108,C,C,T,A114V,FALSE
NAT1,8-18079653-C-T,8-18222144-C-T,rs56318881,8,18079653,18222144,C,C,T,R33X,FALSE
NAT1,8-18079746-C-T,8-18222237-C-T,rs56379106,8,18079746,18222237,C,C,T,R64W,FALSE
NAT1,8-18080001-G-A,8-18222492-G-A,rs4987076,8,18080001,18222492,G,G,A,V149I,FALSE
NAT1,8-18080115-C-T,8-18222606-C-T,rs5030839,8,18080115,18222606,C,C,T,R187X,FALSE
NAT1,8-18080116-G-A,8-18222607-G-A,rs4986782,8,18080116,18222607,G,G,A,R187Q,FALSE
NAT1,8-18080169-A-G,8-18222660-A-G,rs72554609,8,18080169,18222660,A,A,G,M205V,FALSE
NAT1,8-18080196-T-G,8-18222687-T-G,rs4986783,8,18080196,18222687,T,T,G,S214A,FALSE
NAT1,8-18080308-A-T,8-18222799-A-T,rs56172717,8,18080308,18222799,A,A,T,D251V,FALSE
NAT1,8-18080337-G-A,8-18222828-G-A,rs72554610,8,18080337,18222828,G,G,A,E261K,FALSE
NAT1,8-18080343-A-G,8-18222834-A-G,rs72554611,8,18080343,18222834,A,A,G,I263V,FALSE
NAT2,8-18257583-T-A,8-18400073-T-A,rs45477599,8,18257583,18400073,T,T,A,L24I,FALSE
NAT2,8-18257703-C-T,8-18400193-C-T,rs1805158,8,18257703,18400193,C,C,T,R64W,FALSE
NAT2,8-18257704-G-A,8-18400194-G-A,rs1801279,8,18257704,18400194,G,G,A,R64Q,FALSE
NAT2,8-18257795-C-T,8-18400285-C-T,rs1041983,8,18257795,18400285,C,C,T,N/A,FALSE
NAT2,8-18257854-T-C,8-18400344-T-C,rs1801280,8,18257854,18400344,T,T,C,I114T,FALSE
NAT2,8-18257916-C-G,8-18400406-C-G,rs12720065   ,8,18257916,18400406,C,C,G,L135V,FALSE
NAT2,8-18257947-A-C,8-18400437-A-C,rs72554616,8,18257947,18400437,A,A,C,Q145P,FALSE
NAT2,8-18257971-C-T,8-18400461-C-T,rs72466460,8,18257971,18400461,C,C,T,T153I,FALSE
NAT2,8-18257994-C-T,8-18400484-C-T,rs1799929,8,18257994,18400484,C,C,T,N/A,FALSE
NAT2,8-18258012-G-A,8-18400502-G-A,rs72554617,8,18258012,18400502,G,G,A,E167K,FALSE
NAT2,8-18258103-G-A,8-18400593-G-A,rs1799930,8,18258103,18400593,G,G,A,R197Q,FALSE
NAT2,8-18258113-A-G,8-18400603-A-G,rs72466461,8,18258113,18400603,A,A,G,N/A,FALSE
NAT2,8-18258122-G-T,8-18400612-G-T,rs45618543,8,18258122,18400612,G,G,T,E203D,FALSE
NAT2,8-18258178-T-G,8-18400668-T-G,N/A,8,18258178,18400668,T,T,G,F222C,FALSE
NAT2,8-18258316-G-A,8-18400806-G-A,rs1208,8,18258316,18400806,G,G,A,K268R,FALSE
NAT2,8-18258358-A-C,8-18400848-A-C,rs56054745,8,18258358,18400848,A,A,C,K282T,FALSE
NAT2,8-18258370-G-A,8-18400860-G-A,rs1799931,8,18258370,18400860,G,G,A,G286E,FALSE
NUDT15,13-48611884-T-C,13-48037748-T-C,rs769369441,13,48611884,48037748,T,T,C,M1T,FALSE
NUDT15,13-48611885-G-C,13-48037749-G-C,N/A,13,48611885,48037749,G,G,C,M1I,FALSE
NUDT15,13-48611918-A-AGGAGTC,13-48037782-A-AGGAGTC,rs746071566,13,48611918,48037782,A,A,AGGAGTC,G17_V18dup,FALSE
NUDT15,13-48611918-AGGAGTC-A,13-48037782-AGGAGTC-A,rs746071566,13,48611918,48037782,AGGAGTC,AGGAGTC,A,G17_V18del,FALSE
NUDT15,13-48611934-G-A,13-48037798-G-A,rs186364861,13,48611934,48037798,G,G,A,V18I,FALSE
NUDT15,13-48611961-C-CGCGG,13-48037825-C-CGCGG,rs777311140,13,48611961,48037825,C,C,CGCGG,C28fs,FALSE
NUDT15,13-48611970-C-T,13-48037834-C-T,rs1202487323,13,48611970,48037834,C,C,T,L30V,FALSE
NUDT15,13-48611983-G-C,13-48037847-G-C,rs766023281,13,48611983,48037847,G,G,C,R34T,FALSE
NUDT15,13-48611985-A-G,13-48037849-A-G,N/A,13,48611985,48037849,A,A,G,K35E,FALSE
NUDT15,13-48612021-G-A,13-48037885-G-A,rs1950545307,13,48612021,48037885,G,G,A,G47R,FALSE
NUDT15,13-48612038-C-G,13-48037902-C-G,rs149436418,13,48612038,48037902,C,C,G,F52L,FALSE
NUDT15,13-48615113-GA-G,13-48040977-GA-G,rs1457579126,13,48615113,48040977,GA,GA,G,N74fs,FALSE
NUDT15,13-48615239-T-TG,13-48041103-T-TG,rs761191455,13,48615239,48041103,T,T,TG,E115fs,FALSE
NUDT15,13-48615249-G-T,13-48041113-G-T,rs1368252918,13,48615249,48041113,G,G,T,E118X,FALSE
NUDT15,13-48619826-C-G,13-48045690-C-G,rs768324690,13,48619826,48045690,C,C,G,P129R,FALSE
NUDT15,13-48619855-C-T,13-48045719-C-T,rs116855232,13,48619855,48045719,C,C,T,R139C,FALSE
NUDT15,13-48619856-G-A,13-48045720-G-A,rs147390019,13,48619856,48045720,G,G,A,R139H,FALSE
NUDT15,13-48619907-T-A,13-48045771-T-A,rs139551410,13,48619907,48045771,T,T,A,L156Q,FALSE
RYR1,19-38931442-T-C,19-38440802-T-C,rs193922747,19,38931442,38440802,T,T,C,C35R,FALSE
RYR1,19-38931469-C-T,19-38440829-C-T,rs193922748,19,38931469,38440829,C,C,T,R44C,FALSE
RYR1,19-38934851-C-T,19-38444211-C-T,rs118192161,19,38934851,38444211,C,C,T,R163C,FALSE
RYR1,19-38934852-G-T,19-38444212-G-T,rs193922753,19,38934852,38444212,G,G,T,R163L,FALSE
RYR1,19-38937350-G-A,19-38446710-G-A,rs1801086,19,38937350,38446710,G,G,A,G248R,FALSE
RYR1,19-38937350-G-C,19-38446710-G-C,rs1801086,19,38937350,38446710,G,G,C,G248R,FALSE
RYR1,19-38939313-C-T,19-38448673-C-T,rs193922762,19,38939313,38448673,C,C,T,R328W,FALSE
RYR1,19-38939352-G-A,19-38448712-G-A,rs121918592,19,38939352,38448712,G,G,A,G341R,FALSE
RYR1,19-38939352-G-C,19-38448712-G-C,rs121918592,19,38939352,38448712,G,G,C,G341R,FALSE
RYR1,19-38942482-C-T,19-38451842-C-T,rs193922764,19,38942482,38451842,C,C,T,R401C,FALSE
RYR1,19-38942490-C-G,19-38451850-C-G,rs118192116,19,38942490,38451850,C,C,G,I403M,FALSE
RYR1,19-38945999-A-C,19-38455359-A-C,rs118192162,19,38945999,38455359,A,A,C,Y522S,FALSE
RYR1,19-38946103-G-A,19-38455463-G-A,rs111888148,19,38946103,38455463,G,G,A,R530H,FALSE
RYR1,19-38946111-C-T,19-38455471-C-T,rs193922768,19,38946111,38455471,C,C,T,R533C,FALSE
RYR1,19-38946112-G-A,19-38455472-G-A,rs144336148,19,38946112,38455472,G,G,A,R533H,FALSE
RYR1,19-38946168-C-T,19-38455528-C-T,rs193922770,19,38946168,38455528,C,C,T,R552W,FALSE
RYR1,19-38948185-C-T,19-38457545-C-T,rs118192172,19,38948185,38457545,C,C,T,R614C,FALSE
RYR1,19-38948186-G-T,19-38457546-G-T,rs193922772,19,38948186,38457546,G,G,T,R614L,FALSE
RYR1,19-38985204-C-T,19-38494564-C-T,rs118192175,19,38985204,38494564,C,C,T,R2163C,FALSE
RYR1,19-38985205-G-A,19-38494565-G-A,rs118192163,19,38985205,38494565,G,G,A,R2163H,FALSE
RYR1,19-38985219-G-A,19-38494579-G-A,rs118192176,19,38985219,38494579,G,G,A,V2168M,FALSE
RYR1,19-38986923-C-G,19-38496283-C-G,rs118192177,19,38986923,38496283,C,C,G,T2206R,FALSE
RYR1,19-38986923-C-T,19-38496283-C-T,rs118192177,19,38986923,38496283,C,C,T,T2206M,FALSE
RYR1,19-38989863-G-A,19-38499223-G-A,rs112563513,19,38989863,38499223,G,G,A,R2336H,FALSE
RYR1,19-38990284-TGGA-T,19-38499644-TGGA-T,rs121918596,19,38990284,38499644,TGGA,TGGA,T,E2348del,FALSE
RYR1,19-38990295-G-A,19-38499655-G-A,rs193922802,19,38990295,38499655,G,G,A,A2350T,FALSE
RYR1,19-38990310-C-T,19-38499670-C-T,rs193922803,19,38990310,38499670,C,C,T,R2355W,FALSE
RYR1,19-38990371-G-C,19-38499731-G-C,rs193922807,19,38990371,38499731,G,G,C,G2375A,FALSE
RYR1,19-38990615-G-A,19-38499975-G-A,rs193922809,19,38990615,38499975,G,G,A,A2428T,FALSE
RYR1,19-38990633-G-A,19-38499993-G-A,rs121918593,19,38990633,38499993,G,G,A,G2434R,FALSE
RYR1,19-38990637-G-A,19-38499997-G-A,rs28933396,19,38990637,38499997,G,G,A,R2435H,FALSE
RYR1,19-38991276-C-T,19-38500636-C-T,rs118192124,19,38991276,38500636,C,C,T,R2452W,FALSE
RYR1,19-38991282-C-T,19-38500642-C-T,rs193922816,19,38991282,38500642,C,C,T,R2454C,FALSE
RYR1,19-38991283-G-A,19-38500643-G-A,rs118192122,19,38991283,38500643,G,G,A,R2454H,FALSE
RYR1,19-38991294-C-T,19-38500654-C-T,rs28933397,19,38991294,38500654,C,C,T,R2458C,FALSE
RYR1,19-38991295-G-A,19-38500655-G-A,rs121918594,19,38991295,38500655,G,G,A,R2458H,FALSE
RYR1,19-38991538-C-G,19-38500898-C-G,rs118192178,19,38991538,38500898,C,C,G,R2508G,FALSE
RYR1,19-38991538-C-T,19-38500898-C-T,rs118192178,19,38991538,38500898,C,C,T,R2508C,FALSE
RYR1,19-38991539-G-A,19-38500899-G-A,rs193922818,19,38991539,38500899,G,G,A,R2508H,FALSE
RYR1,19-39002961-G-A,19-38512321-G-A,rs193922832,19,39002961,38512321,G,G,A,E3104K,FALSE
RYR1,19-39034472-G-T,19-38543832-G-T,rs193922843,19,39034472,38543832,G,G,T,G3990V,FALSE
RYR1,19-39070644-A-G,19-38580004-A-G,rs118192167,19,39070644,38580004,A,A,G,Y4796C,FALSE
RYR1,19-39070734-C-T,19-38580094-C-T,rs121918595,19,39070734,38580094,C,C,T,T4826I,FALSE
RYR1,19-39070754-C-T,19-38580114-C-T,rs193922876,19,39070754,38580114,C,C,T,H4833Y,FALSE
RYR1,19-39071010-C-G,19-38580370-C-G,rs193922878,19,39071010,38580370,C,C,G,L4838V,FALSE
RYR1,19-39071043-G-A,19-38580403-G-A,rs118192168,19,39071043,38580403,G,G,A,V4849I,FALSE
RYR1,19-39071080-G-A,19-38580440-G-A,rs63749869,19,39071080,38580440,G,G,A,R4861H,FALSE
RYR1,19-39075629-T-C,19-38584989-T-C,rs118192170,19,39075629,38584989,T,T,C,I4898T,FALSE
SLC15A2,3-121643804-C-T,3-121924957-C-T,rs2257212,3,121643804,121924957,C,C,T,L350F,FALSE
SLC15A2,3-121647286-C-T,3-121928439-C-T,rs1143671,3,121647286,121928439,C,C,T,P409S,FALSE
SLC15A2,3-121648168-G-A,3-121929321-G-A,rs1143672,3,121648168,121929321,G,G,A,R509K,FALSE
SLC22A2,6-160645832-C-T,6-160224800-C-T,rs316003,6,160645832,160224800,C,C,T,N/A,FALSE
SLC22A2,6-160663420-T-G,6-160242388-T-G,rs8177517,6,160663420,160242388,T,T,G,K432Q,FALSE
SLC22A2,6-160663469-A-G,6-160242437-A-G,rs8177518,6,160663469,160242437,A,A,G,N/A,FALSE
SLC22A2,6-160664685-G-A,6-160243653-G-A,rs8177516,6,160664685,160243653,G,G,A,R400C,FALSE
SLC22A2,6-160670282-A-C,6-160249250-A-C,rs316019,6,160670282,160249250,A,A,C,A270S,FALSE
SLC22A2,6-160671584-G-A,6-160250552-G-A,rs8177510,6,160671584,160250552,G,G,A,N/A,FALSE
SLC22A2,6-160677683-A-G,6-160256651-A-G,rs8177509,6,160677683,160256651,A,A,G,F161L,FALSE
SLC22A2,6-160679400-C-A,6-160258368-C-A,rs624249,6,160679400,160258368,C,C,A,N/A,FALSE
SLCO1B1,12-21283322-G-A,12-21130388-G-A,rs4149015,12,21283322,21130388,G,G,A,N/A,FALSE
SLCO1B1,12-21325668-C-T,12-21172734-C-T,rs139257324,12,21325668,21172734,C,C,T,R57W,FALSE
SLCO1B1,12-21325710-G-A,12-21172776-G-A,rs373327528,12,21325710,21172776,G,G,A,G71R,FALSE
SLCO1B1,12-21325716-T-C,12-21172782-T-C,rs56101265,12,21325716,21172782,T,T,C,F73L,FALSE
SLCO1B1,12-21327529-T-C,12-21174595-T-C,rs56061388,12,21327529,21174595,T,T,C,V82A,FALSE
SLCO1B1,12-21329738-A-G,12-21176804-A-G,rs2306283,12,21329738,21176804,A,A,G,N130D,FALSE
SLCO1B1,12-21329761-G-A,12-21176827-G-A,rs11045818,12,21329761,21176827,G,G,A,N/A,FALSE
SLCO1B1,12-21329802-A-G,12-21176868-A-G,rs2306282,12,21329802,21176868,A,A,G,N151S,FALSE
SLCO1B1,12-21329813-C-A,12-21176879-C-A,rs11045819,12,21329813,21176879,C,C,A,P155T,FALSE
SLCO1B1,12-21329817-A-G,12-21176883-A-G,rs72559745,12,21329817,21176883,A,A,G,E156G,FALSE
SLCO1B1,12-21329832-G-T,12-21176898-G-T,rs77271279,12,21329832,21176898,G,G,T,Splice Defect,FALSE
SLCO1B1,12-21331549-T-C,12-21178615-T-C,rs4149056,12,21331549,21178615,T,T,C,V174A,FALSE
SLCO1B1,12-21331599-T-C,12-21178665-T-C,rs4149057,12,21331599,21178665,T,T,C,N/A,FALSE
SLCO1B1,12-21331606-T-G,12-21178672-T-G,rs72559746,12,21331606,21178672,T,T,G,L193R,FALSE
SLCO1B1,12-21331625-C-T,12-21178691-C-T,rs2291075,12,21331625,21178691,C,C,T,N/A,FALSE
SLCO1B1,12-21331891-A-G,12-21178957-A-G,rs79135870,12,21331891,21178957,A,A,G,I222V,FALSE
SLCO1B1,12-21349885-A-G,12-21196951-A-G,rs11045852,12,21349885,21196951,A,A,G,I245V,FALSE
SLCO1B1,12-21349909-C-T,12-21196975-C-T,rs183501729,12,21349909,21196975,C,C,T,R253X,FALSE
SLCO1B1,12-21349910-G-A,12-21196976-G-A,rs11045853,12,21349910,21196976,G,G,A,R253Q,FALSE
SLCO1B1,12-21353529-T-C,12-21200595-T-C,rs55901008,12,21353529,21200595,T,T,C,I353T,FALSE
SLCO1B1,12-21355487-T-G,12-21202553-T-G,rs1228465562,12,21355487,21202553,T,T,G,F400V,FALSE
SLCO1B1,12-21355489-C-G,12-21202555-C-G,rs59113707,12,21355489,21202555,C,C,G,F400L,FALSE
SLCO1B1,12-21355583-A-G,12-21202649-A-G,rs56387224,12,21355583,21202649,A,A,G,N432D,FALSE
SLCO1B1,12-21355598-G-A,12-21202664-G-A,rs142965323,12,21355598,21202664,G,G,A,G437R,FALSE
SLCO1B1,12-21358855-A-G,12-21205921-A-G,rs72559748,12,21358855,21205921,A,A,G,D462G,FALSE
SLCO1B1,12-21358933-G-C,12-21205999-G-C,rs59502379,12,21358933,21205999,G,G,C,G488A,FALSE
SLCO1B1,12-21391976-A-C,12-21239042-A-C,rs34671512,12,21391976,21239042,A,A,C,L643F,FALSE
SLCO1B1,12-21392011-A-G,12-21239077-A-G,rs56199088,12,21392011,21239077,A,A,G,D655G,FALSE
SLCO1B1,12-21392047-A-G,12-21239113-A-G,rs55737008,12,21392047,21239113,A,A,G,E667G,FALSE
SLCO1B1,12-21392079-C-T,12-21239145-C-T,rs200995543,12,21392079,21239145,C,C,T,H678Y,FALSE
SLCO1B1,12-21392092-C-T,12-21239158-C-T,rs140790673,12,21392092,21239158,C,C,T,S682F,FALSE
SLCO2B1,11-74873754-GCACAGAAAA-G,11-75162709-GCACAGAAAA-G,rs60113013,11,74873754,75162709,GCACAGAAAA,GCACAGAAAA,G,E4_T6del,FALSE
SLCO2B1,11-74907582-C-T,11-75196537-C-T,rs2306168,11,74907582,75196537,C,C,T,S464F,FALSE
TPMT,6-18130918-T-C,6-18130687-T-C,rs1142345,6,18130918,18130687,T,T,C,Y240C,FALSE
TPMT,6-18130918-T-G,6-18130687-T-G,rs1142345,6,18130918,18130687,T,T,G,Y240S,FALSE
TPMT,6-18130925-T-C,6-18130694-T-C,rs150900439,6,18130925,18130694,T,T,C,K238E,FALSE
TPMT,6-18130956-A-C,6-18130725-A-C,rs72552736,6,18130956,18130725,A,A,C,H227Q,FALSE
TPMT,6-18130960-C-T,6-18130729-C-T,rs139392616,6,18130960,18130729,C,C,T,R226Q,FALSE
TPMT,6-18130989-A-T,6-18130758-A-T,rs398122996,6,18130989,18130758,A,A,T,C216X,FALSE
TPMT,6-18130993-C-T,6-18130762-C-T,rs56161402,6,18130993,18130762,C,C,T,R215H,FALSE
TPMT,6-18131003-A-G,6-18130772-A-G,rs377085266,6,18131003,18130772,A,A,G,C212R,FALSE
TPMT,6-18131012-C-T,6-18130781-C-T,rs1800584,6,18131012,18130781,C,C,T,Splice Defect,FALSE
TPMT,6-18132367-A-G,6-18132136-A-G,rs72556347,6,18132367,18132136,A,A,G,F208L,FALSE
TPMT,6-18132378-A-G,6-18132147-A-G,rs79901429,6,18132378,18132147,A,A,G,I204T,FALSE
TPMT,6-18132394-C-T,6-18132163-C-T,N/A,6,18132394,18132163,C,C,T,V199I,FALSE
TPMT,6-18134076-T-A,6-18133845-T-A,rs75543815,6,18134076,18133845,T,T,A,Y180F,FALSE
TPMT,6-18134078-C-A,6-18133847-C-A,rs6921269,6,18134078,18133847,C,C,A,Q179H,FALSE
TPMT,6-18134101-A-G,6-18133870-A-G,rs772832951,6,18134101,18133870,A,A,G,S172P,FALSE
TPMT,6-18134115-G-C,6-18133884-G-C,rs74423290,6,18134115,18133884,G,G,C,A167G,FALSE
TPMT,6-18134118-T-C,6-18133887-T-C,rs201695576,6,18134118,18133887,T,T,C,Y166C,FALSE
TPMT,6-18134121-C-T,6-18133890-C-T,rs9333570,6,18134121,18133890,C,C,T,Splice Defect,FALSE
TPMT,6-18139200-C-G,6-18138969-C-G,rs144041067,6,18139200,18138969,C,C,G,R163P,FALSE
TPMT,6-18139200-C-T,6-18138969-C-T,rs144041067,6,18139200,18138969,C,C,T,R163H,FALSE
TPMT,6-18139201-G-A,6-18138970-G-A,rs112339338,6,18139201,18138970,G,G,A,R163C,FALSE
TPMT,6-18139228-C-T,6-18138997-C-T,rs1800460,6,18139228,18138997,C,C,T,A154T,FALSE
TPMT,6-18139258-C-G,6-18139027-C-G,rs72552737,6,18139258,18139027,C,C,G,G144R,FALSE
TPMT,6-18139920-C-T,6-18139689-C-T,rs72552738,6,18139920,18139689,C,C,T,C132Y,FALSE
TPMT,6-18139941-G-A,6-18139710-G-A,rs200220210,6,18139941,18139710,G,G,A,S125L,FALSE
TPMT,6-18143828-T-G,6-18143597-T-G,N/A,6,18143828,18143597,T,T,G,K122T,FALSE
TPMT,6-18143837-T-G,6-18143606-T-G,rs151149760,6,18143837,18143606,T,T,G,K119T,FALSE
TPMT,6-18143844-C-G,6-18143613-C-G,N/A,6,18143844,18143613,C,C,G,G117R,FALSE
TPMT,6-18143853-C-T,6-18143622-C-T,rs115106679,6,18143853,18143622,C,C,T,E114K,FALSE
TPMT,6-18143874-A-C,6-18143643-A-C,N/A,6,18143874,18143643,A,A,C,Y107D,FALSE
TPMT,6-18143931-C-T,6-18143700-C-T,rs753545734,6,18143931,18143700,C,C,T,G88S,FALSE
TPMT,6-18143949-G-A,6-18143718-G-A,rs111901354,6,18143949,18143718,G,G,A,R82W,FALSE
TPMT,6-18143955-C-G,6-18143724-C-G,rs1800462,6,18143955,18143724,C,C,G,A80P,FALSE
TPMT,6-18143959-C-A,6-18143728-C-A,rs1256618794,6,18143959,18143728,C,C,A,W78C,FALSE
TPMT,6-18148069-G-A,6-18147838-G-A,rs281874771,6,18148069,18147838,G,G,A,A73V,FALSE
TPMT,6-18148076-C-T,6-18147845-C-T,rs777686348,6,18148076,18147845,C,C,T,G71R,FALSE
TPMT,6-18148082-G-C,6-18147851-G-C,rs200591577,6,18148082,18147851,G,G,C,L69V,FALSE
TPMT,6-18148087-A-G,6-18147856-A-G,N/A,6,18148087,18147856,A,A,G,F67S,FALSE
TPMT,6-18148141-A-G,6-18147910-A-G,rs72552740,6,18148141,18147910,A,A,G,L49S,FALSE
TPMT,6-18149235-G-C,6-18149004-G-C,N/A,6,18149235,18149004,G,G,C,Q42E,FALSE
TPMT,6-18149253-C-T,6-18149022-C-T,rs750424422,6,18149253,18149022,C,C,T,G36S,FALSE
TPMT,6-18149263-C-CT,6-18149032-C-CT,rs759836180,6,18149263,18149032,C,C,CT,K32fs,FALSE
TPMT,6-18149276-T-A,6-18149045-T-A,rs72552742,6,18149276,18149045,T,T,A,E28V,FALSE
TPMT,6-18149357-A-G,6-18149126-A-G,rs267607275,6,18149357,18149126,A,A,G,M1T,FALSE
TPMT,6-18149358-T-C,6-18149127-T-C,rs9333569,6,18149358,18149127,T,T,C,M1V,FALSE
UGT1A1,2-234668570-C-T,2-233759924-C-T,rs887829,2,234668570,233759924,C,C,T,Promoter Defect,FALSE
UGT1A1,2-234668879-C-CAT,2-233760233-C-CAT,rs34983651,2,234668879,233760233,C,C,CAT,Promoter Defect,FALSE
UGT1A1,2-234668879-C-CATAT,2-233760233-C-CATAT,rs34983651,2,234668879,233760233,C,C,CATAT,Promoter Defect,FALSE
UGT1A1,2-234668879-CAT-C,2-233760233-CAT-C,rs34983651,2,234668879,233760233,CAT,CAT,C,Promoter Defect,FALSE
UGT1A1,2-234669144-G-A,2-233760498-G-A,rs4148323,2,234669144,233760498,G,G,A,G71R,FALSE
UGT1A1,2-234669619-C-A,2-233760973-C-A,rs35350960,2,234669619,233760973,C,C,A,P229Q,FALSE
UGT2B7,4-69962449-G-T,4-69096731-G-T,rs12233719,4,69962449,69096731,G,G,T,A71S,FALSE
UGT2B7,4-69964338-T-C,4-69098620-T-C,rs7439366,4,69964338,69098620,T,T,C,H268Y,FALSE
UGT2B7,4-69973922-G-A,4-69108204-G-A,rs776991562,4,69973922,69108204,G,G,A,D398N,FALSE
UGT2B15,4-69512847-T-G,4-68647129-T-G,rs4148269,4,69512847,68647129,T,T,G,K523T,FALSE
UGT2B15,4-69520851-G-A,4-68655133-G-A,rs148583958,4,69520851,68655133,G,G,A,T352I,FALSE
UGT2B15,4-69536080-A-G,4-68670362-A-G,rs368012995,4,69536080,68670362,A,A,G,L86S,FALSE
UGT2B15,4-69536084-A-C,4-68670366-A-C,rs1902023,4,69536084,68670366,A,A,C,D85Y,FALSE
VKORC1,16-31107689-C-T,16-31096368-C-T,rs9923231,16,31107689,31096368,C,C,T,Promoter Defect,FALSE