	Sample	CNV
1	021ab129bb594be5804b02e08e14d93d	DeletionHom
2	4323a15d7b5d4bf2b204e0c0088ba923	DeletionHet
3	45e24be4dc7d4cb3a2742ce7c05730e8	DeletionHet
4	543558ae08cd44b3850fc7b835484037	Normal
5	54db734bc1ec46b29fc6c5c6df35ca65	DeletionHet
6	5bb329dcb3654e8890985547e82135f6	DeletionHom
7	5d81e03c86324f209c69093ddf77bb62	Normal
8	5f006ec8ba3c41a18d9ff92c0a62955a	Normal
9	6320750d96f747b695f78964df1fad17	DeletionHom
10	69335e244b5f46e5b56e5360f8f826b7	DeletionHet
11	69d7b11affce444694e9955b90848028	DeletionHet
12	6b9f68c07c3e4e3e81669fe390ba1027	DeletionHet
13	75331ab394f24d56ac73cee5d41fa15b	DeletionHet
14	7866e1bc7fdc4304863db4a25d1a42e4	Normal
15	7a29e8a53b6844ddbb42aa165b34fba3	DeletionHom
16	7a94709935ea412e8b7349828beaf338	Normal
17	7d077b89f2514fb0b8e002f8d9a10189	DeletionHom
18	7fdcb4bdabe743feb4abc155bc580b82	DeletionHom
19	82b808e2886a42f986da3ba811dbeaa4	Normal
20	8f90214c429f4afc9e0da555cb77f89a	DeletionHet
21	92ac6fc0f69345aabb9e7bd47452ed70	DeletionHom
22	932a3f4c888844c39399f1cfdf2bc593	Normal
23	9e01734a352a41f89266c2ae8c9c13de	Normal
24	9e3dcdd083ad40dd82fab180a916fb77	Normal
25	a04f109738f34a358850f5f69d7d8814	Normal
26	a284eb8f85e54b0ba3c45e30e91a33a1	DeletionHet
27	a9963d642c584dfab81f5ae694208390	DeletionHet
28	b462b7941e0642309d5d44e7aae6d42f	Normal
29	b51b8299a62f4a3eab95d0467e950b7e	DeletionHet
30	b7988ee8179d4678921602d34400a63a	DeletionHom
31	b859eb68840b42d9a376ce22cff1cd08	DeletionHom
32	ba64fb6dbb0a4b36a5cbe53bd8706ca7	DeletionHet
33	bda28ac619e64916bb0a28d1f2698e2e	DeletionHom
34	c392e9300f6b490aa1c43f7ca7d7afd4	DeletionHet
35	cb484635e004493fb395ac764578797b	DeletionHom
36	d7b5cf7015d44c23a949dc117c149c80	Normal
37	d84c8e4613064299b2a16cfa39d819b5	Normal
38	db923feb258241b8b0a3e3aaada9359b	Normal
39	dd64f80e456a46e49555c0c7c30372b0	Normal
40	dd864a425f814bca87a971eaf94cfa17	DeletionHet
41	def4a73760dd42d38b17c33c3deb654b	DeletionHet
42	dfe4ba40717d4891a12ec2c856de671f	DeletionHet
43	e030f757080d4e5e841d8e7feef7a665	Normal
44	e1ddd983797640bf81b66f9a77b37439	Normal
45	e246a44270e34d2aa228844732995abe	Normal
46	e92d97eb8a3f4c4cb7db5faf9882b167	DeletionHet
47	e968235bb8e14f02af53e2f17cee324f	DeletionHet
48	ecf7d003ffef4d429351037cb97bac09	DeletionHom
49	f00e1071f840476c9872de73f0ea8a02	Duplication
50	f52c133442ca4f93a47b689fc385b1f5	DeletionHom