	CNV
03bc76a2c27140bc8143c56767ca6877	DeletionHet
0b7cc95044c54d86a81151d856d0c5b2	Tandem2B
20b87673c1224e9db8bdbbe82899309c	DeletionHet
22d9ea3d16804243afbfea7e776c5237	Tandem1
2b0b4c79e8104ed98ef5cc82d9ca8bd2	DeletionHet
3959a73552a04f969d37a04dc869c7a9	Normal
3a7ec2f78f3c40df98248d3ba1354a20	Normal
3ddccd4bcda14140b3e89559d2cf3186	Normal
4323a15d7b5d4bf2b204e0c0088ba923	Tandem2A
45e24be4dc7d4cb3a2742ce7c05730e8	Normal
543558ae08cd44b3850fc7b835484037	DeletionHet
54db734bc1ec46b29fc6c5c6df35ca65	Duplication
5bb329dcb3654e8890985547e82135f6	Normal
5d81e03c86324f209c69093ddf77bb62	Normal
5f006ec8ba3c41a18d9ff92c0a62955a	Normal
69335e244b5f46e5b56e5360f8f826b7	Normal
6b9f68c07c3e4e3e81669fe390ba1027	Normal
7866e1bc7fdc4304863db4a25d1a42e4	Normal
7a94709935ea412e8b7349828beaf338	Duplication
7d077b89f2514fb0b8e002f8d9a10189	Tandem2B
7fdcb4bdabe743feb4abc155bc580b82	Tandem2A
82b808e2886a42f986da3ba811dbeaa4	Normal
8f90214c429f4afc9e0da555cb77f89a	Duplication
932a3f4c888844c39399f1cfdf2bc593	Normal
9e01734a352a41f89266c2ae8c9c13de	"DeletionHet,Tandem1"
9e3dcdd083ad40dd82fab180a916fb77	Normal
a04f109738f34a358850f5f69d7d8814	Duplication
a284eb8f85e54b0ba3c45e30e91a33a1	Normal
b51b8299a62f4a3eab95d0467e950b7e	Normal
b7988ee8179d4678921602d34400a63a	DeletionHet
b859eb68840b42d9a376ce22cff1cd08	Tandem2A
ba64fb6dbb0a4b36a5cbe53bd8706ca7	Tandem2B
bda28ac619e64916bb0a28d1f2698e2e	Normal
c392e9300f6b490aa1c43f7ca7d7afd4	Normal
cb484635e004493fb395ac764578797b	Normal
d7b5cf7015d44c23a949dc117c149c80	Normal
d84c8e4613064299b2a16cfa39d819b5	Normal
db923feb258241b8b0a3e3aaada9359b	Duplication
dd64f80e456a46e49555c0c7c30372b0	Normal
dd864a425f814bca87a971eaf94cfa17	Normal
def4a73760dd42d38b17c33c3deb654b	DeletionHet
dfe4ba40717d4891a12ec2c856de671f	Normal
e030f757080d4e5e841d8e7feef7a665	Normal
e1ddd983797640bf81b66f9a77b37439	Normal
e246a44270e34d2aa228844732995abe	"Duplication,Tandem1"
e92d97eb8a3f4c4cb7db5faf9882b167	Normal
e968235bb8e14f02af53e2f17cee324f	Normal
ecf7d003ffef4d429351037cb97bac09	Normal
f00e1071f840476c9872de73f0ea8a02	Tandem2B
f52c133442ca4f93a47b689fc385b1f5	Normal