	Sample	CNV
1	2b0b4c79e8104ed98ef5cc82d9ca8bd2	Decreased
2	543558ae08cd44b3850fc7b835484037	Decreased
3	9e01734a352a41f89266c2ae8c9c13de	Decreased
4	b7988ee8179d4678921602d34400a63a	Decreased
5	def4a73760dd42d38b17c33c3deb654b	Decreased
6	22d9ea3d16804243afbfea7e776c5237	Increased
7	7a94709935ea412e8b7349828beaf338	Increased
8	7d077b89f2514fb0b8e002f8d9a10189	Increased
9	7fdcb4bdabe743feb4abc155bc580b82	Increased
10	8f90214c429f4afc9e0da555cb77f89a	Increased
11	a04f109738f34a358850f5f69d7d8814	Increased
12	b859eb68840b42d9a376ce22cff1cd08	Increased
13	ba64fb6dbb0a4b36a5cbe53bd8706ca7	Increased
14	db923feb258241b8b0a3e3aaada9359b	Increased
15	e246a44270e34d2aa228844732995abe	Increased
16	f00e1071f840476c9872de73f0ea8a02	Increased
17	3959a73552a04f969d37a04dc869c7a9	Normal
18	3a7ec2f78f3c40df98248d3ba1354a20	Normal
19	3ddccd4bcda14140b3e89559d2cf3186	Normal
20	45e24be4dc7d4cb3a2742ce7c05730e8	Normal
21	5bb329dcb3654e8890985547e82135f6	Normal
22	5d81e03c86324f209c69093ddf77bb62	Normal
23	5f006ec8ba3c41a18d9ff92c0a62955a	Normal
24	6320750d96f747b695f78964df1fad17	Normal
25	69335e244b5f46e5b56e5360f8f826b7	Normal
26	6b9f68c07c3e4e3e81669fe390ba1027	Normal
27	75331ab394f24d56ac73cee5d41fa15b	Normal
28	7866e1bc7fdc4304863db4a25d1a42e4	Normal
29	82b808e2886a42f986da3ba811dbeaa4	Normal
30	92ac6fc0f69345aabb9e7bd47452ed70	Normal
31	932a3f4c888844c39399f1cfdf2bc593	Normal
32	9e3dcdd083ad40dd82fab180a916fb77	Normal
33	a284eb8f85e54b0ba3c45e30e91a33a1	Normal
34	a9963d642c584dfab81f5ae694208390	Normal
35	b462b7941e0642309d5d44e7aae6d42f	Normal
36	b51b8299a62f4a3eab95d0467e950b7e	Normal
37	bda28ac619e64916bb0a28d1f2698e2e	Normal
38	c392e9300f6b490aa1c43f7ca7d7afd4	Normal
39	cb484635e004493fb395ac764578797b	Normal
40	d7b5cf7015d44c23a949dc117c149c80	Normal
41	d84c8e4613064299b2a16cfa39d819b5	Normal
42	dd64f80e456a46e49555c0c7c30372b0	Normal
43	dd864a425f814bca87a971eaf94cfa17	Normal
44	dfe4ba40717d4891a12ec2c856de671f	Normal
45	e030f757080d4e5e841d8e7feef7a665	Normal
46	e1ddd983797640bf81b66f9a77b37439	Normal
47	e92d97eb8a3f4c4cb7db5faf9882b167	Normal
48	e968235bb8e14f02af53e2f17cee324f	Normal
49	ecf7d003ffef4d429351037cb97bac09	Normal
50	f52c133442ca4f93a47b689fc385b1f5	Normal