Number,Sample,OtherName,GSTT1
1,20b87673c1224e9db8bdbbe82899309c,HG00276,1
2,54db734bc1ec46b29fc6c5c6df35ca65,HG00436,2
3,316ab006177d41b484982d7fa4d851ad,HG00589,2
4,9e01734a352a41f89266c2ae8c9c13de,HG01190,2
5,82b808e2886a42f986da3ba811dbeaa4,NA06991,1
6,5d81e03c86324f209c69093ddf77bb62,NA07000,1
7,dd864a425f814bca87a971eaf94cfa17,NA07019,1
8,28997710cbae49f5996f6075fcbf74bd,NA07029,1
9,a9963d642c584dfab81f5ae694208390,NA07055,0
10,3a7ec2f78f3c40df98248d3ba1354a20,NA07056,2
11,e92d97eb8a3f4c4cb7db5faf9882b167,NA07348,1
12,dd64f80e456a46e49555c0c7c30372b0,NA07357,2
13,021ab129bb594be5804b02e08e14d93d,NA10831,0
14,e030f757080d4e5e841d8e7feef7a665,NA10847,1
15,cb484635e004493fb395ac764578797b,NA10851,2
16,7866e1bc7fdc4304863db4a25d1a42e4,NA10854,0
17,22d9ea3d16804243afbfea7e776c5237,NA11832,2
18,c392e9300f6b490aa1c43f7ca7d7afd4,NA11839,1
19,20be9cf6bed64502b85c999ec59c784b,NA11993,1
20,141390df39414eaaaa9725a8349d9c45,NA12003,1
21,5f006ec8ba3c41a18d9ff92c0a62955a,NA12006,0
22,45e24be4dc7d4cb3a2742ce7c05730e8,NA12145,1
23,69d7b11affce444694e9955b90848028,NA12156,0
24,3959a73552a04f969d37a04dc869c7a9,NA12717,0
25,2c9f234af49b4f6a970d8ddef07358e5,NA12813,1
26,def4a73760dd42d38b17c33c3deb654b,NA12873,1
27,3ddccd4bcda14140b3e89559d2cf3186,NA18484,1
28,d84c8e4613064299b2a16cfa39d819b5,NA18509,1
29,e1ddd983797640bf81b66f9a77b37439,NA18518,1
30,20aaa40fcdee4290bfada8dbba5e5232,NA18519,1
31,ba64fb6dbb0a4b36a5cbe53bd8706ca7,NA18524,0
32,7d077b89f2514fb0b8e002f8d9a10189,NA18526,2
33,f00e1071f840476c9872de73f0ea8a02,NA18540,2
34,ecf7d003ffef4d429351037cb97bac09,NA18544,1
35,5bb329dcb3654e8890985547e82135f6,NA18552,1
36,4323a15d7b5d4bf2b204e0c0088ba923,NA18564,1
37,b859eb68840b42d9a376ce22cff1cd08,NA18565,1
38,0b7cc95044c54d86a81151d856d0c5b2,NA18617,1
39,03bc76a2c27140bc8143c56767ca6877,NA18855,0
40,543558ae08cd44b3850fc7b835484037,NA18861,1
41,2b0b4c79e8104ed98ef5cc82d9ca8bd2,NA18868,1
42,bda28ac619e64916bb0a28d1f2698e2e,NA18942,2
43,92ac6fc0f69345aabb9e7bd47452ed70,NA18952,0
44,7fdcb4bdabe743feb4abc155bc580b82,NA18959,1
45,f52c133442ca4f93a47b689fc385b1f5,NA18966,0
46,11a1c7b37a63449f9bc65799567b5710,NA18973,1
47,7a29e8a53b6844ddbb42aa165b34fba3,NA18980,1
48,b7988ee8179d4678921602d34400a63a,NA18992,1
49,e968235bb8e14f02af53e2f17cee324f,NA19003,1
50,6320750d96f747b695f78964df1fad17,NA19007,2
51,75331ab394f24d56ac73cee5d41fa15b,NA19095,1
52,8f90214c429f4afc9e0da555cb77f89a,NA19109,0
53,9e3dcdd083ad40dd82fab180a916fb77,NA19122,1
54,dfe4ba40717d4891a12ec2c856de671f,NA19143,2
55,6b9f68c07c3e4e3e81669fe390ba1027,NA19147,1
56,b462b7941e0642309d5d44e7aae6d42f,NA19174,0
57,d7b5cf7015d44c23a949dc117c149c80,NA19176,2
58,3fcca708192c4ffe8e57318c7d64e480,NA19178,2
59,7a94709935ea412e8b7349828beaf338,NA19207,2
60,a284eb8f85e54b0ba3c45e30e91a33a1,NA19213,0
61,db923feb258241b8b0a3e3aaada9359b,NA19226,2
62,69335e244b5f46e5b56e5360f8f826b7,NA19239,2
63,932a3f4c888844c39399f1cfdf2bc593,NA19789,1
64,a04f109738f34a358850f5f69d7d8814,NA19819,0
65,0d73bafef55a4a718489f3fdca91fd55,NA19908,1
66,2176d8cef950450bbb29052359a2d2d1,NA19917,1
67,228fa4f74dd4431f8eb3526f37e355ed,NA19920,1
68,34b739132d0e403d9aa323b1c3edf12a,NA20296,0
69,b51b8299a62f4a3eab95d0467e950b7e,NA20509,0
70,e246a44270e34d2aa228844732995abe,NA21781,2