#Chrom,Pos,Ref,Alt,Type,Length,AnnoType,Consequence,ConsScore,ConsDetail,GC,CpG,motifECount,motifEName,motifEHIPos,motifEScoreChng,oAA,nAA,GeneID,FeatureID,GeneName,CCDS,Intron,Exon,cDNApos,relcDNApos,CDSpos,relCDSpos,protPos,relProtPos,Domain,Dst2Splice,Dst2SplType,minDistTSS,minDistTSE,SIFTcat,SIFTval,PolyPhenCat,PolyPhenVal,priPhCons,mamPhCons,verPhCons,priPhyloP,mamPhyloP,verPhyloP,bStatistic,targetScan,mirSVR-Score,mirSVR-E,mirSVR-Aln,cHmmTssA,cHmmTssAFlnk,cHmmTxFlnk,cHmmTx,cHmmTxWk,cHmmEnhG,cHmmEnh,cHmmZnfRpts,cHmmHet,cHmmTssBiv,cHmmBivFlnk,cHmmEnhBiv,cHmmReprPC,cHmmReprPCWk,cHmmQuies,GerpRS,GerpRSpval,GerpN,GerpS,TFBS,TFBSPeaks,TFBSPeaksMax,tOverlapMotifs,motifDist,Segway,EncH3K27Ac,EncH3K4Me1,EncH3K4Me3,EncExp,EncNucleo,EncOCC,EncOCCombPVal,EncOCDNasePVal,EncOCFairePVal,EncOCpolIIPVal,EncOCctcfPVal,EncOCmycPVal,EncOCDNaseSig,EncOCFaireSig,EncOCpolIISig,EncOCctcfSig,EncOCmycSig,Grantham,SpliceAI-acc-gain,SpliceAI-acc-loss,SpliceAI-don-gain,SpliceAI-don-loss,MMSp_acceptorIntron,MMSp_acceptor,MMSp_exon,MMSp_donor,MMSp_donorIntron,Dist2Mutation,Freq100bp,Rare100bp,Sngl100bp,Freq1000bp,Rare1000bp,Sngl1000bp,Freq10000bp,Rare10000bp,Sngl10000bp,dbscSNV-ada_score,dbscSNV-rf_score,RawScore,PHRED
7,87133567,G,A,SNV,0,CodingTranscript,NON_SYNONYMOUS,7,missense,0.391,0.027,,,,,R,C,ENSG00000085563,ENST00000265724,ABCB1,CCDS5608.1,,29/29,4253,0.916,3835,0.998,1279,0.999,hmmpanther,,,1891,8,deleterious,0,possibly_damaging,0.77,0.983,0.983,0.967,0.651,2.821,3.926,575,,,,,0,0,0,0.016,0.126,0,0,0,0,0,0,0,0,0.024,0.835,690.7,5.91E-113,5.95,5.95,,,,,,H3K9me1,3.4,4,3.32,13.01,1.6,,,,,,,,,,,,,180,0,0,0.01,0,0,0,-0.054,0,0,8,0,1,3,6,20,86,24,70,575,,,4.341383,31
7,87133705,G,A,SNV,0,CodingTranscript,NON_SYNONYMOUS,7,missense,0.51,0.04,,,,,R,C,ENSG00000085563,ENST00000265724,ABCB1,CCDS5608.1,,29/29,4115,0.886,3697,0.962,1233,0.963,ndomain,,,1753,146,deleterious,0.01,probably_damaging,0.985,0.997,1,1,0.651,2.741,6.012,575,,,,,0,0,0,0.031,0.11,0,0,0,0,0,0,0,0,0.024,0.835,690.7,5.91E-113,5.8,5.8,,,,,,L0,2.56,3,2.76,5.33,2.4,,,,,,,,,,,,,180,0.01,0,0,0,0,0,-0.037,0,0,5,0,1,13,6,19,92,25,69,575,,,4.682878,32
7,87138758,A,G,SNV,0,CodingTranscript,NON_SYNONYMOUS,7,missense,0.497,0.04,,,,,W,R,ENSG00000085563,ENST00000265724,ABCB1,CCDS5608.1,,27/29,3740,0.805,3322,0.864,1108,0.866,ndomain,,,9522,3540,deleterious,0,probably_damaging,0.996,0.99,1,1,0.53,2.312,5.072,564,,,,,0.008,0,0,0.118,0.063,0.016,0.008,0,0,0,0,0,0,0.039,0.748,556.9,9.60E-93,6.06,6.06,,,,,,TF1,3,3,4,5.69,2.9,2,0.77,1.39,0,0,0,0,0.0302,0.0037,0.0047,0.0095,0.0088,101,0,0,0,0,0,0,0.089,0,0,26,0,1,4,3,8,49,20,60,582,,,4.291678,31
7,87145971,C,G,SNV,0,CodingTranscript,NON_SYNONYMOUS,7,missense,0.45,0.013,,,,,A,P,ENSG00000085563,ENST00000265724,ABCB1,CCDS5608.1,,25/29,3356,0.722,2938,0.765,980,0.766,ndomain,11,ACCEPTOR,2309,146,deleterious,0,probably_damaging,0.997,0.921,1,1,0.55,2.83,6.09,540,,,,,0,0,0,0.063,0.15,0,0.016,0,0,0,0,0,0,0.024,0.748,496.6,3.30E-71,5.96,5.96,,,,,,L1,5,5.6,3,4.88,0.9,,,,,,,,,,,,,27,0,0,0,0,0,0,-0.066,0,0,38,0,0,2,1,3,52,15,51,576,,,4.303809,31
7,87168597,G,C,SNV,0,CodingTranscript,NON_SYNONYMOUS,7,missense,0.55,0.053,,,,,S,C,ENSG00000085563,ENST00000265724,ABCB1,CCDS5608.1,,20/29,2802,0.603,2384,0.62,795,0.621,ndomain,14,DONOR,60904,35038,deleterious,0.02,probably_damaging,0.957,0.997,0.994,1,0.651,2.851,6.351,505,,,,,0.008,0,0,0.039,0.165,0,0.008,0,0,0,0,0,0,0.016,0.764,323.1,2.01E-62,6.03,6.03,,,,,,R3,4,1.2,2,1.63,2.4,,,,,,,,,,,,,112,0,0,0,0,0,0,0,0,0,19,0,0,10,1,6,60,19,71,551,,,4.33138,31
7,87175304,G,A,SNV,0,CodingTranscript,NON_SYNONYMOUS,7,missense,0.411,0.08,,,,,R,C,ENSG00000085563,ENST00000265724,ABCB1,CCDS5608.1,,16/29,2180,0.469,1762,0.458,588,0.459,ndomain,,,4171,39,deleterious,0,probably_damaging,0.948,0.893,0.998,1,0.553,2.865,6.286,475,,,,,0,0,0,0.079,0.134,0,0,0,0,0,0,0,0,0.008,0.78,562.9,6.01E-88,5.73,5.73,1,1,37.5123,,,R1,8.56,3,4,7.32,2.5,,,,,,,,,,,,,180,0.36,0,0,0,0,0,-0.476,0,0,142,0,0,7,1,5,65,21,68,559,,,5.237944,33
7,87190583,C,A,SNV,0,CodingTranscript,STOP_GAINED,8,stop_gained,0.377,0,,,,,E,*,ENSG00000085563,ENST00000265724,ABCB1,CCDS5608.1,,29-Sep,1241,0.267,823,0.214,275,0.215,ncoils,5,DONOR,38918,57024,,,,,0.959,0.999,0.947,0.651,2.706,1.537,500,,,,,0,0.008,0,0.016,0.126,0,0.047,0,0,0,0,0,0,0.016,0.787,556.3,5.57E-99,5.74,5.74,,,,,,R2,3.92,1.28,3.84,3.25,0.5,,,,,,,,,,,,,,0,0,0,0.01,0,0,-0.158,-0.074,0,31,0,1,2,3,4,58,27,57,579,,,7.634382,39
4,89028336,C,G,SNV,0,CodingTranscript,NON_SYNONYMOUS,7,"splice,missense",0.344,0.013,,,,,R,T,ENSG00000118777,ENST00000237612,ABCG2,CCDS3628.1,,16-Oct,1823,0.407,1277,0.649,426,0.65,ndomain,1,DONOR,51729,16915,deleterious,0,probably_damaging,1,0.749,1,1,0.651,2.611,5.479,783,,,,,0,0.016,0,0,0.157,0,0.173,0,0,0,0,0,0,0.016,0.638,252,3.83E-41,5.57,5.57,,,,,,F0,33.84,36.16,5,12.42,0.9,,,,,,,,,,,,,71,0,0,0.01,0.02,0,0,-0.687,-2.586,0,21,0,0,3,3,5,58,21,58,563,0.99972,0.884,5.538906,34
4,89052957,G,A,SNV,0,CodingTranscript,STOP_GAINED,8,"splice,stop_gained",0.397,0.04,,,,,Q,*,ENSG00000118777,ENST00000237612,ABCG2,CCDS3628.1,,16-Apr,922,0.206,376,0.191,126,0.192,ndomain,3,DONOR,26867,40,,,,,0.928,0.998,1,0.651,2.688,5.496,798,,,,,0,0,0,0.031,0.094,0,0,0,0,0,0,0,0,0.024,0.85,380.8,7.18E-79,5.42,5.42,,,,,,R2,2.92,2.68,2.96,17.39,1,,,,,,,,,,,,,,0,0,0.15,0.01,0,0,-0.147,-1.368,0,23,0,1,6,0,3,43,19,58,547,0.9972,0.916,8.480174,43
4,89039413,C,T,SNV,0,Transcript,CANONICAL_SPLICE,6,splice_acceptor,0.338,0.027,,,,,,,ENSG00000118777,ENST00000237612,ABCG2,CCDS3628.1,15-Jun,,,,,,,,,-1,ACCEPTOR,40652,27992,,,,,0.84,0.995,1,0.651,2.862,3.999,774,,,,,0,0,0,0,0.118,0,0,0.008,0.134,0,0,0,0,0,0.74,476.5,4.71E-107,5.72,5.72,,,,,,GE0,3,2,7,39.74,1.1,,,,,,,,,,,,,,0.69,0.96,0,0,0,-3.023,0,0,0,7,0,0,8,3,5,57,23,45,543,0.99999,0.946,5.987709,35
4,89042946,T,C,SNV,0,Transcript,CANONICAL_SPLICE,6,splice_acceptor,0.391,0.027,,,,,,,ENSG00000118777,ENST00000237612,ABCG2,CCDS3628.1,15-May,,,,,,,,,-2,ACCEPTOR,37119,31525,,,,,0.769,0.929,1,0.53,2.114,4.976,788,,,,,0,0,0,0.039,0.094,0,0,0.063,0.165,0,0,0,0,0.008,0.63,564.8,1.87E-125,5.55,5.55,,,,,,L1,5.24,7.84,5,3.36,1,,,,,,,,,,,,,,0.06,0.94,0,0,0,-2.427,0,0,0,18,1,0,9,1,1,67,31,50,598,0.99999,0.944,5.339228,33
4,89016681,A,C,SNV,0,CodingTranscript,STOP_GAINED,8,stop_gained,0.45,0.027,,,,,Y,*,ENSG00000118777,ENST00000237612,ABCG2,CCDS3628.1,,14/16,2274,0.508,1728,0.878,576,0.879,ndomain,10,DONOR,63384,5260,,,,,0.038,0.769,0.995,-0.921,-1.004,0.093,768,,,,,0,0,0,0.024,0.118,0,0.008,0,0,0,0,0,0.008,0.047,0.795,136,5.46E-39,5.91,-4.19,,,,,,R5,10.04,6.52,5.12,14,1.9,,,,,,,,,,,,,,0,0,0,0.02,0,0,-0.428,0,0,13,0,0,6,1,7,48,14,51,500,,,5.965155,35
4,89016686,G,A,SNV,0,CodingTranscript,STOP_GAINED,8,stop_gained,0.43,0.027,,,,,R,*,ENSG00000118777,ENST00000237612,ABCG2,CCDS3628.1,,14/16,2269,0.507,1723,0.876,575,0.878,ndomain,15,DONOR,63379,5265,,,,,0.092,0.871,1,0.651,0.816,2.553,768,,,,,0,0,0,0.024,0.118,0,0.008,0,0,0,0,0,0.008,0.047,0.795,136,5.46E-39,5.91,4.18,,,,,,R5,10.04,6.52,5.12,14.63,2.3,,,,,,,,,,,,,,0,0,0,0.01,0,0,-0.164,0,0,10,0,0,8,1,7,48,15,51,501,,,7.58897,38
4,89039396,G,A,SNV,0,CodingTranscript,STOP_GAINED,8,stop_gained,0.371,0.027,,,,,R,*,ENSG00000118777,ENST00000237612,ABCG2,CCDS3628.1,,16-Jul,1252,0.28,706,0.359,236,0.36,ndomain,17,ACCEPTOR,40669,27975,,,,,0.992,0.776,0.778,0.651,1.407,1.312,774,,,,,0,0,0,0,0.118,0,0,0.008,0.118,0,0,0,0,0,0.756,476.5,4.71E-107,5.45,3.42,,,,,,GE0,3.4,1.68,7,44.09,1.1,,,,,,,,,,,,,,0.06,0.05,0,0,0,0,-0.07,0,0,46,0,0,8,3,5,56,23,45,543,,,7.73868,39
1,201008987,TG,T,DEL,1,CodingTranscript,FRAME_SHIFT,7,frameshift,0.623,0.027,,,,,Q,X,ENSG00000081248,ENST00000362061,CACNA1S,CCDS1407.1,,44/44,5820,0.944,5593,0.995,1865,0.996,,,,4764,346,,,,,0.703,0.887,0.991,0.399,0.9,2.732,809,,,,,0,0,0,0.016,0.055,0,0.134,0,0,0,0,0,0.039,0.283,0.472,89.8,7.31E-09,4.66,3.72,,,,,,R5,2,3.48,1,26.12,1.5,,,,,,,,,,,,,,0,0,0,0,0,0,0.028,0,0,39,0,1,4,1,5,49,23,64,593,,,5.051247,33
1,201009083,AGTAGCTCT,A,DEL,8,CodingTranscript,FRAME_SHIFT,7,frameshift,0.614,0.025,,,,,TELL,TX,ENSG00000081248,ENST00000362061,CACNA1S,CCDS1407.1,,44/44,5717,0.927,5490,0.977,1830,0.977,,,,4860,442,,,,,0.73,0.997,1,0.399,2.13,4.757,809,,,,,0,0,0,0.016,0.087,0,0.079,0,0,0,0,0,0.039,0.299,0.48,345.2,9.86E-42,4.66,4.66,,,,,,TF0,0.96,3,1,31.99,1.3,,,,,,,,,,,,,,,,,,,,,,,41,0,1,5,2,5,57,22,64,590,,,5.495961,34
1,201016734,C,T,SNV,0,CodingTranscript,NON_SYNONYMOUS,7,missense,0.51,0.013,,,,,E,K,ENSG00000081248,ENST00000362061,CACNA1S,CCDS1407.1,,37/44,4689,0.76,4462,0.794,1488,0.794,hmmpanther,,,64846,8092,deleterious,0.03,probably_damaging,0.997,0.954,0.984,1,0.557,2.455,5.793,814,,,,,0,0,0,0.024,0.031,0.016,0,0,0,0,0,0,0.15,0.276,0.504,400.1,6.77E-73,4.94,4.94,,,,,,R5,2,2,3,90.1,2.9,,,,,,,,,,,,,56,0,0,0,0,0,0,-0.057,0,0,41,0,0,6,2,3,61,25,58,606,,,4.304429,31
1,201021733,C,T,SNV,0,CodingTranscript,NON_SYNONYMOUS,7,missense,0.57,0.067,,,,,R,Q,ENSG00000081248,ENST00000362061,CACNA1S,CCDS1407.1,,32/44,4132,0.67,3905,0.695,1302,0.695,ndomain,,,59847,13091,deleterious,0.02,probably_damaging,0.999,0.992,1,1,0.546,2.296,5.764,814,,,,,0,0,0,0.024,0.11,0.008,0.031,0,0,0,0,0.008,0.126,0.268,0.425,288.5,1.41E-44,4.68,4.68,,,,,,C1,3,2,2,64.51,1.2,2,1.21,1.95,0,0,0,0,0.0492,0.0052,0,0.0177,0,43,0,0.09,0,0,0,0,-0.193,0,0,54,0,0,5,1,9,67,22,60,638,,,4.605363,32
1,201022621,C,T,SNV,0,CodingTranscript,NON_SYNONYMOUS,7,missense,0.603,0.093,,,,,R,Q,ENSG00000081248,ENST00000362061,CACNA1S,CCDS1407.1,,30/44,3988,0.647,3761,0.669,1254,0.67,ndomain,,,58959,13979,deleterious,0,probably_damaging,0.951,0.937,0.998,1,0.581,2.262,5.51,814,,,,,0,0,0,0.024,0.102,0.008,0.055,0,0,0,0,0.016,0.118,0.252,0.425,475.3,2.33E-70,4.05,4.05,2,2,106.4975,,,C1,2.6,4.2,2.4,45.85,1.6,2,1.62,2.44,0,0,4.21,0,0.0585,0.0102,0.0167,0.579,0.0468,43,0,0,0,0,0,0,-0.09,0,0,16,0,0,9,5,8,77,23,63,662,,,4.323254,31
1,201029866,A,C,SNV,0,CodingTranscript,NON_SYNONYMOUS,7,missense,0.51,0.027,,,,,W,G,ENSG00000081248,ENST00000362061,CACNA1S,CCDS1407.1,,26/44,3561,0.578,3334,0.593,1112,0.594,hmmpanther,,,51714,21224,deleterious,0,probably_damaging,0.998,0.977,1,1,0.53,2.054,4.877,814,,,,,0,0.016,0,0,0.118,0.039,0.197,0,0,0,0,0,0.063,0.236,0.331,627.4,1.98E-117,5.17,5.17,,,,,,R5,3,8.6,4,92.23,1.6,2,0.84,1.49,0,0,0,0,0.0368,0.0052,0.0107,0.015,0.0226,184,0,0,0.01,0,0,0,-0.175,0,0,94,0,0,4,2,7,60,23,77,654,,,4.37503,31
1,201030582,G,A,SNV,0,CodingTranscript,NON_SYNONYMOUS,7,missense,0.563,0.04,,,,,A,V,ENSG00000081248,ENST00000362061,CACNA1S,CCDS1407.1,,25/44,3295,0.534,3068,0.546,1023,0.546,ndomain,15,ACCEPTOR,50998,21940,deleterious,0,probably_damaging,1,0.842,0.999,1,0.557,2.581,6.019,814,,,,,0,0.008,0,0.016,0.126,0.024,0.126,0,0,0,0,0.008,0.071,0.26,0.362,70.8,2.52E-14,5.21,5.21,,,,,,TF0,3.36,3.08,3.6,59.18,2,2,0.81,1.45,0,0,0,0,0.0357,0.0077,0.0122,0.0133,0.0004,64,0,0,0,0,0,0,-0.045,0,0,21,0,0,11,3,6,69,23,79,667,,,4.29357,31
1,201030583,C,T,SNV,0,CodingTranscript,NON_SYNONYMOUS,7,missense,0.57,0.04,,,,,A,T,ENSG00000081248,ENST00000362061,CACNA1S,CCDS1407.1,,25/44,3294,0.534,3067,0.546,1023,0.546,ndomain,14,ACCEPTOR,50997,21941,deleterious,0,probably_damaging,1,0.902,0.988,0.999,0.557,2.581,6.019,814,,,,,0,0.008,0,0.016,0.126,0.024,0.126,0,0,0,0,0.008,0.071,0.26,0.362,70.8,2.52E-14,5.21,5.21,,,,,,TF0,3.36,3.08,3.6,58.11,2,2,0.81,1.45,0,0,0,0,0.0357,0.0077,0.0122,0.0133,0.0004,58,0,0,0,0,0,0,0.011,0,0,24,0,0,11,3,6,69,23,79,667,,,4.275767,30
1,201046206,G,A,SNV,0,CodingTranscript,NON_SYNONYMOUS,7,missense,0.583,0.08,,,,,R,C,ENSG00000081248,ENST00000362061,CACNA1S,CCDS1407.1,,Dec-44,1896,0.307,1669,0.297,557,0.297,lcompl,,,35374,37564,deleterious,0,probably_damaging,0.994,0.971,1,1,0.544,2.186,5.646,900,,,,,0,0,0,0.039,0.031,0,0.024,0,0,0,0,0,0.094,0.354,0.457,684.3,2.27E-111,4.45,4.45,,,,,,R5,3,4.12,2,65.04,2.5,,,,,,,,,,,,,180,0,0,0,0,0,0,-0.002,0,0,14,0,1,11,3,9,78,43,75,668,,,4.331721,31
1,201047134,G,A,SNV,0,CodingTranscript,NON_SYNONYMOUS,7,missense,0.57,0.093,,,,,R,C,ENSG00000081248,ENST00000362061,CACNA1S,CCDS1407.1,,Nov-44,1719,0.279,1492,0.265,498,0.266,ndomain,,,34446,38492,deleterious,0,probably_damaging,1,0.999,1,1,0.639,2.347,5.804,900,,,,,0.008,0,0,0.039,0.024,0,0.016,0,0,0,0,0,0.063,0.37,0.48,713.2,4.40E-114,4.78,4.78,,,,,,R5,3,2,3,39.45,0.5,,,,,,,,,,,,,180,0,0,0,0,0,0,0.005,0,0,2,2,0,12,4,7,80,46,77,669,,,4.395433,32
1,201029787,T,C,SNV,0,CodingTranscript,NON_SYNONYMOUS,7,"splice,missense",0.536,0.013,,,,,Q,R,ENSG00000081248,ENST00000362061,CACNA1S,CCDS1407.1,,26/44,3640,0.59,3413,0.607,1138,0.608,ndomain,2,DONOR,51793,21145,deleterious,0.03,probably_damaging,0.993,0.894,1,1,0.53,2.054,4.877,814,,,,,0,0.016,0,0.008,0.126,0.031,0.197,0,0,0,0,0,0.063,0.22,0.339,627.4,1.98E-117,5.17,5.17,,,,,,R5,1,10.44,3.48,49.05,2,2,0.84,1.49,0,0,0,0,0.0368,0.0052,0,0.015,0,43,0,0,0,0.01,0,0,0.063,-1.701,0,11,0,0,8,2,8,60,23,75,656,0.99426,0.918,4.750418,32
1,201054565,T,G,SNV,0,CodingTranscript,NON_SYNONYMOUS,7,"splice,missense",0.55,0.04,,,,,E,D,ENSG00000081248,ENST00000362061,CACNA1S,CCDS1407.1,,Aug-44,1376,0.223,1149,0.204,383,0.204,hmmpanther,2,DONOR,27015,45923,tolerated,0.19,benign,0.009,0.981,1,1,0.468,1.877,1.903,906,,,,,0,0,0,0.024,0.063,0.016,0.024,0.008,0,0,0,0,0.094,0.394,0.378,491.3,1.61E-81,4.69,4.69,1,1,33.2008,,,R5,3.8,5.64,2,34.12,2.8,,,,,,,,,,,,,0,0,0,0.55,0.82,0,0,0.025,-1.52,0,37,0,0,7,1,5,86,32,68,699,0.99979,0.996,4.294436,31
1,201010719,T,C,SNV,0,Transcript,CANONICAL_SPLICE,6,splice_acceptor,0.576,0.04,,,,,,,ENSG00000081248,ENST00000362061,CACNA1S,CCDS1407.1,40/43,,,,,,,,,-2,ACCEPTOR,6495,1483,,,,,0.032,0.932,0.987,0.375,2.035,2.314,809,,,,,0,0,0,0.008,0.165,0.016,0,0,0,0,0,0,0.016,0.315,0.48,,,4.51,4.51,,,,,,TF0,3.28,3,2,3.73,2.6,,,,,,,,,,,,,,0.11,0.97,0,0,0,-3.379,0,0,0,54,0,0,6,1,1,65,20,61,590,0.99998,0.936,4.571569,32
1,201010662,G,A,SNV,0,CodingTranscript,STOP_GAINED,8,stop_gained,0.55,0.027,,,,,R,*,ENSG00000081248,ENST00000362061,CACNA1S,CCDS1407.1,,41/44,5331,0.865,5104,0.908,1702,0.909,hmmpanther,,,6438,1540,,,,,0.029,0.997,0.803,-0.386,1.275,1.46,809,,,,,0,0,0,0.008,0.165,0.016,0,0,0,0,0,0,0.016,0.315,0.48,,,4.51,3.6,,,,,,TF0,5,3,2.16,16.53,2.3,2,0.87,1.52,0,0,0,0,0.0376,0.0059,0,0.0372,0,,0,0,0,0.02,0,0,-0.101,0,0,2,0,1,5,1,1,66,20,61,594,,,6.754457,36
1,201019600,G,T,SNV,0,CodingTranscript,STOP_GAINED,8,stop_gained,0.536,0.013,,,,,Y,*,ENSG00000081248,ENST00000362061,CACNA1S,CCDS1407.1,,34/44,4385,0.711,4158,0.74,1386,0.74,hmmpanther,,,61980,10958,,,,,0.958,1,1,-0.435,0.447,0.762,814,,,,,0,0,0,0.039,0.047,0,0.047,0,0,0,0,0,0.102,0.291,0.472,431.8,2.60E-70,4.5,2.62,,,,,,R5,2,4.6,4.2,31.99,2.4,2,1.9,1.96,0.96,0,0,0,0.0494,0.0128,0.0082,0.0272,0.0217,,0,0,0,0,0,0,-0.136,0,0,41,0,0,6,1,3,58,23,57,619,,,7.150518,37
7,117180312,GC,G,DEL,1,CodingTranscript,FRAME_SHIFT,7,frameshift,0.45,0.053,,,,,C,X,ENSG00000001626,ENST00000003084,CFTR,CCDS5773.1,,27-Aug,1161,0.189,1029,0.232,343,0.232,ndomain,,,60164,126813,,,,,0.869,1,1,0.651,1.394,2.206,445,,,,,0,0,0,0.024,0.039,0,0,0,0.008,0,0,0,0,0.055,0.874,878.5,3.78E-143,5.39,3.55,,,,,,R1,2.44,2,4.64,5.05,2.9,,,,,,,,,,,,,,0,0,0,0,0,0,-0.04,0,0,14,0,0,13,0,3,54,10,44,571,,,4.283155,31
7,117243687,TG,T,DEL,1,CodingTranscript,FRAME_SHIFT,7,frameshift,0.424,0.053,,,,,V,X,ENSG00000001626,ENST00000003084,CFTR,CCDS5773.1,,17/27,2892,0.472,2760,0.621,920,0.622,ndomain,,,123539,63438,,,,,0.927,1,1,0.581,1.472,2.592,428,,,,,0,0,0,0.008,0.063,0,0.016,0,0,0,0,0,0,0.039,0.874,596.8,2.95E-82,5.82,4.94,,,,,,R1,4,2,3,11.78,2.6,,,,,,,,,,,,,,0,0,0,0,0,0,0.072,0,0,7,0,0,12,0,5,64,9,48,532,,,4.923047,33
7,117144344,C,T,SNV,0,CodingTranscript,NON_SYNONYMOUS,7,missense,0.391,0.013,,,,,R,C,ENSG00000001626,ENST00000003084,CFTR,CCDS5773.1,,27-Feb,223,0.036,91,0.02,31,0.021,ndomain,,,24195,19,deleterious,0.01,possibly_damaging,0.677,0.998,0.999,0.999,0.645,2.683,3.071,448,,,,,0,0,0,0,0.055,0,0,0,0,0,0,0,0,0.039,0.906,437.4,3.39E-75,5.71,5.71,,,,,,R2,6,2,2.92,,2.6,,,,,,,,,,,,,180,0,0,0,0,0,0,-0.343,0,0,26,0,1,8,0,6,50,10,57,526,,,4.378806,31
7,117149147,G,A,SNV,0,CodingTranscript,NON_SYNONYMOUS,7,missense,0.338,0.027,,,,,R,Q,ENSG00000001626,ENST00000003084,CFTR,CCDS5773.1,,27-Mar,356,0.058,224,0.05,75,0.051,ndomain,,,28998,21886,deleterious,0.01,probably_damaging,0.994,0.997,1,1,0.587,2.678,4.814,447,,,,,0,0,0,0,0.047,0,0.008,0,0,0,0,0,0,0.031,0.913,533.5,9.31E-107,5.68,5.68,,,,,,F0,4,2.64,3,,0.9,,,,,,,,,,,,,43,0,0,0,0.06,0,0,-0.177,0,0,25,0,2,13,0,5,77,10,50,535,,,4.307257,31
7,117174348,C,T,SNV,0,CodingTranscript,NON_SYNONYMOUS,7,missense,0.278,0.013,,,,,R,C,ENSG00000001626,ENST00000003084,CFTR,CCDS5773.1,,27-May,640,0.104,508,0.114,170,0.115,ndomain,19,ACCEPTOR,54199,132778,deleterious,0,probably_damaging,0.973,0.997,1,1,0.581,2.738,2.164,441,,,,,0,0,0,0,0.071,0,0.008,0,0,0,0,0,0,0.031,0.89,470.9,2.20E-98,5.5,5.5,,,,,,L1,1.72,2,2,1.68,1.5,,,,,,,,,,,,,180,0,0,0,0,0,0,-0.114,0,0,19,0,0,8,1,4,50,19,50,539,,,4.425895,32
7,117180173,C,T,SNV,0,CodingTranscript,NON_SYNONYMOUS,7,missense,0.338,0.013,,,,,R,W,ENSG00000001626,ENST00000003084,CFTR,CCDS5773.1,,27-Aug,1021,0.167,889,0.2,297,0.201,ndomain,20,ACCEPTOR,60024,126953,deleterious,0,probably_damaging,0.956,0.969,1,1,0.651,2.665,3.619,445,,,,,0,0,0,0.016,0.047,0,0,0,0,0,0,0,0,0.055,0.882,878.5,3.78E-143,5.39,5.39,,,,,,L1,3,1,3,,0.9,,,,,,,,,,,,,101,0,0,0,0,0,0,-0.031,0,0,18,0,1,3,0,4,58,10,43,570,,,4.441582,32
7,117180338,C,T,SNV,0,CodingTranscript,NON_SYNONYMOUS,7,missense,0.43,0.053,,,,,R,W,ENSG00000001626,ENST00000003084,CFTR,CCDS5773.1,,27-Aug,1186,0.194,1054,0.237,352,0.238,ndomain,,,60189,126788,deleterious,0,probably_damaging,0.999,0.99,1,1,0.559,2.597,2.593,445,,,,,0,0,0,0.024,0.039,0,0,0,0.008,0,0,0,0,0.055,0.874,878.5,3.78E-143,5.26,5.26,,,,,,R1,2,2.4,5,5.05,6.1,,,,,,,,,,,,,101,0,0,0.01,0,0,0,-0.081,0,0,27,0,0,10,0,3,53,10,44,568,,,4.345305,31
7,117199613,G,C,SNV,0,CodingTranscript,NON_SYNONYMOUS,7,missense,0.384,0.013,,,,,W,C,ENSG00000001626,ENST00000003084,CFTR,CCDS5773.1,,27-Nov,1620,0.264,1488,0.335,496,0.335,ndomain,,,80,28191,deleterious,0,probably_damaging,1,0.998,1,1,0.651,2.719,5.733,469,,,,,0,0,0,0,0.063,0,0,0,0,0,0,0,0,0.047,0.89,769.8,7.45E-141,5.48,5.48,,,,,,F0,2,1,1,1.68,1.5,,,,,,,,,,,,,215,0,0,0,0,0,0,-0.105,0,0,18,0,0,12,2,4,67,15,44,570,,,4.45828,32
7,117251784,C,T,SNV,0,CodingTranscript,NON_SYNONYMOUS,7,missense,0.371,0.013,,,,,R,C,ENSG00000001626,ENST00000003084,CFTR,CCDS5773.1,,20/27,3421,0.558,3289,0.74,1097,0.741,ndomain,,,113,6939,deleterious,0,probably_damaging,1,0.998,1,1,0.651,2.684,4.424,423,,,,,0,0,0,0,0.071,0.008,0,0,0,0,0,0,0,0.047,0.874,1034.4,7.35E-202,5.69,5.69,,,,,,R5,3,3,3.64,3.36,1,,,,,,,,,,,,,180,0,0,0,0,0,0,-0.064,0,0,12,0,1,4,1,4,55,9,57,495,,,4.449895,32
7,117267592,G,T,SNV,0,CodingTranscript,NON_SYNONYMOUS,7,missense,0.358,0.027,,,,,R,L,ENSG00000001626,ENST00000003084,CFTR,CCDS5773.1,,22/27,3617,0.59,3485,0.784,1162,0.785,ndomain,17,ACCEPTOR,15921,373,deleterious,0,possibly_damaging,0.828,0.995,1,1,0.581,2.886,5.599,425,,,,,0,0,0,0.008,0.047,0,0.008,0,0,0,0,0,0,0.039,0.898,1372.8,3.42E-152,5.77,5.77,,,,,,R1,2.96,2,3.48,,1.8,,,,,,,,,,,,,102,0,0.01,0,0,0,0,-0.15,0,0,4,0,0,10,1,5,43,4,44,473,,,4.531819,32
7,117282628,C,T,SNV,0,CodingTranscript,NON_SYNONYMOUS,7,missense,0.397,0.013,,,,,A,V,ENSG00000001626,ENST00000003084,CFTR,CCDS5773.1,,23/27,3986,0.65,3854,0.867,1285,0.868,ndomain,20,DONOR,4842,24498,deleterious,0.03,probably_damaging,0.999,0.998,1,1,0.645,2.612,5.638,423,,,,,0,0,0,0,0.087,0,0,0,0,0,0,0,0,0.016,0.898,536.8,6.60E-83,5.29,5.29,,,,,,GE0,7.92,2,2.56,1.68,2.2,,,,,,,,,,,,,64,0,0,0,0.02,0,0,-0.062,0,0,22,1,1,5,1,4,54,5,55,499,,,4.298091,31
7,117304823,G,A,SNV,0,CodingTranscript,NON_SYNONYMOUS,7,missense,0.497,0.013,,,,,G,S,ENSG00000001626,ENST00000003084,CFTR,CCDS5773.1,,25/27,4177,0.682,4045,0.91,1349,0.911,ndomain,,,11926,2303,deleterious,0,probably_damaging,1,0.997,1,1,0.651,2.823,5.811,434,,,,,0,0.008,0,0.008,0.071,0,0.079,0,0,0,0,0,0,0.055,0.78,732.5,5.71E-137,5.63,5.63,,,,,,R5,7.96,7.84,3,4.21,1.9,,,,,,,,,,,,,56,0,0,0,0,0,0,-0.123,0,0,16,0,0,8,2,4,52,12,44,500,,,4.361162,31
7,117188877,G,T,SNV,0,CodingTranscript,NON_SYNONYMOUS,7,"splice,missense",0.377,0.013,,,,,K,N,ENSG00000001626,ENST00000003084,CFTR,CCDS5773.1,,27-Oct,1524,0.249,1392,0.313,464,0.314,ndomain,1,DONOR,68728,118249,deleterious,0,probably_damaging,0.985,0.883,1,1,0.645,2.392,2.615,463,,,,,0,0,0,0,0.055,0,0,0,0.016,0,0,0,0,0.055,0.874,529.5,3.66E-67,4.85,4.85,,,,,,R0,5.2,3.24,3.48,,0.1,3,1.03,0,1.73,0,0,0,0.0055,0.0161,0.0055,0.0302,0.0144,94,0,0,0,0.94,0,0,-0.33,-4.974,0,655,,,,1,0,17,16,38,522,0.99998,1,6.276798,35
7,117254767,G,T,SNV,0,CodingTranscript,NON_SYNONYMOUS,7,"splice,missense",0.344,0,,,,,L,F,ENSG00000001626,ENST00000003084,CFTR,CCDS5773.1,,21/27,3600,0.587,3468,0.781,1156,0.781,ndomain,1,DONOR,3096,9922,tolerated,0.14,probably_damaging,0.924,0.992,1,1,0.587,2.789,4.479,423,,,,,0,0,0,0,0.055,0,0.008,0,0,0,0,0,0.008,0.039,0.89,451.4,1.70E-88,5.9,5.9,,,,,,GE0,3,4.64,3.84,4.21,1.6,,,,,,,,,,,,,22,0,0,0,0.71,0,0,-0.509,-1.922,0,16,0,0,7,1,6,42,9,55,457,0.99991,0.838,5.439502,33
7,117227792,G,A,SNV,0,Transcript,CANONICAL_SPLICE,6,splice_acceptor,0.377,0.013,,,,,,,ENSG00000001626,ENST00000003084,CFTR,CCDS5773.1,26-Nov,,,,,,,,,-1,ACCEPTOR,28100,12,,,,,0.759,1,1,0.651,2.509,5.527,473,,,,,0,0,0,0,0.102,0,0.055,0,0,0,0,0,0,0.055,0.787,378.8,6.82E-66,5.06,5.06,,,,,,R2,3,8.04,4,0.84,3.2,,,,,,,,,,,,,,0.49,0.97,0,0,0,-2.525,0,0,0,34,0,0,6,0,6,59,15,50,522,0.99998,0.938,5.674156,34
7,117246808,G,A,SNV,0,Transcript,CANONICAL_SPLICE,6,splice_donor,0.285,0.013,,,,,,,ENSG00000001626,ENST00000003084,CFTR,CCDS5773.1,18/26,,,,,,,,,-1,DONOR,40662,1963,,,,,0.931,1,1,0.645,2.702,5.538,424,,,,,0,0,0,0,0.102,0,0,0,0.008,0,0,0,0,0.039,0.85,388.1,8.40E-82,5.4,5.4,,,,,,F1,1,1,3.28,7.57,1.4,,,,,,,,,,,,,,0,0,0,0.99,0,0,0,-4.494,0,19,0,0,7,2,6,53,7,48,545,0.99999,0.938,5.654531,34
7,117227865,C,T,SNV,0,CodingTranscript,STOP_GAINED,8,stop_gained,0.384,0.013,,,,,R,*,ENSG00000001626,ENST00000003084,CFTR,CCDS5773.1,,27-Dec,1789,0.292,1657,0.373,553,0.374,ndomain,,,28173,62,,,,,0.987,0.951,0.997,0.651,1.334,1.805,473,,,,,0,0,0,0,0.087,0,0.063,0,0,0,0,0,0.008,0.047,0.795,378.8,6.82E-66,5.27,4.38,,,,,,L1,3.36,12.32,3.8,4.21,3.3,,,,,,,,,,,,,,0,0,0,0.21,0,0,-0.305,0,0,6,0,1,14,0,6,59,15,49,525,,,7.832137,39
15,51520092,TAATGATTGTGCTTCATTATGTGG,T,DEL,23,CodingTranscript,FRAME_SHIFT,7,frameshift,0.434,0.035,,,,,FHIMKHNHY,LX,ENSG00000137869,ENST00000396402,CYP19A1,CCDS10139.1,,10-Apr,466,0.106,312,0.206,104,0.207,ndomain,16,ACCEPTOR,15094,5413,,,,,0.799,1,1,0.651,2.742,5.817,503,,,,,0,0.016,0,0,0.071,0.008,0.276,0,0,0,0,0,0,0.228,0.402,458.2,5.36E-65,5.81,5.81,,,,,,GM1,19.04,29.6,5.16,1.66,2,,,,,,,,,,,,,,,,,,,,,,,151,0,0,2,2,5,46,19,57,498,,,5.050446,33
15,51503148,G,A,SNV,0,CodingTranscript,STOP_GAINED,8,stop_gained,0.503,0.08,,,,,R,*,ENSG00000137869,ENST00000396402,CYP19A1,CCDS10139.1,,10-Oct,1523,0.345,1369,0.905,457,0.909,ndomain,,,5037,31,,,,,0.158,0.998,0.994,-0.157,1.436,1.456,510,,,,,0,0,0,0.008,0.024,0,0,0.008,0,0,0,0,0.024,0.346,0.591,414.7,1.51E-61,5.46,3.47,,,,,,R1,4.24,4.16,1.72,0.62,0.7,,,,,,,,,,,,,,0,0,0,0,0,0,-0.006,0,0,12,0,0,12,2,5,70,30,39,556,,,6.582982,36
15,75013005,C,T,SNV,0,CodingTranscript,NON_SYNONYMOUS,7,missense,0.517,0.08,,,,,R,Q,ENSG00000140465,ENST00000379727,CYP1A1,CCDS10268.1,,7-Jul,1563,0.582,1364,0.886,455,0.889,ndomain,,,4707,57,deleterious,0.03,probably_damaging,0.999,0.986,1,1,0.646,2.66,6.155,298,,,,,0,0,0,0,0.047,0.008,0,0,0.008,0,0,0,0.126,0.425,0.386,647.2,2.33E-75,5.61,5.61,,,,,,TF1,6.64,1.08,2.6,33.08,2,,,,,,,,,,,,,43,0.01,0,0,0,0,0,-0.029,0,0,12,1,3,10,1,7,71,4,57,574,,,4.267921,30
15,75013106,C,A,SNV,0,CodingTranscript,NON_SYNONYMOUS,7,missense,0.517,0.027,,,,,W,C,ENSG00000140465,ENST00000379727,CYP1A1,CCDS10268.1,,7-Jul,1462,0.545,1263,0.821,421,0.822,ndomain,10,ACCEPTOR,4606,45,deleterious,0,probably_damaging,1,0.657,0.996,1,0.646,2.58,6.083,298,,-0.572,-18.17,121,0,0,0,0,0.047,0.008,0,0,0.008,0,0,0,0.126,0.425,0.386,647.2,2.33E-75,5.46,5.46,,,,,,TF1,3,2,3,33.08,2.8,,,,,,,,,,,,,215,0.02,0,0,0,0,0,0.049,0,0,32,0,0,3,1,7,68,4,57,583,,,4.303093,31
15,75013576,C,T,SNV,0,CodingTranscript,NON_SYNONYMOUS,7,missense,0.596,0.067,,,,,R,Q,ENSG00000140465,ENST00000379727,CYP1A1,CCDS10268.1,,7-May,1329,0.495,1130,0.734,377,0.736,ndomain,,,4136,515,deleterious,0.01,probably_damaging,0.976,0.97,0.991,1,0.651,2.297,5.81,301,,,,,0,0,0,0,0.047,0.008,0.008,0,0.008,0,0,0,0.142,0.417,0.37,2276.6,7.34E-142,4.93,4.93,,,,,,R3,4,2,3,21.63,2.3,,,,,,,,,,,,,43,0.02,0,0,0,0,0,-0.11,0,0,72,0,0,2,0,2,62,5,59,614,,,4.340462,31
15,75013395,C,A,SNV,0,Transcript,CANONICAL_SPLICE,6,splice_acceptor,0.523,0.027,,,,,,,ENSG00000140465,ENST00000379727,CYP1A1,CCDS10268.1,6-May,,,,,,,,,-1,ACCEPTOR,4317,334,,,,,0.082,0.997,1,0.651,2.415,5.929,301,,,,,0,0,0,0,0.047,0.008,0,0,0.008,0,0,0,0.134,0.417,0.386,294.4,7.63E-45,5.17,5.17,,,,,,R5,1.12,4.24,2,24.81,1.3,,,,,,,,,,,,,,0.4,0.99,0,0,0,-3.919,0,0,0,38,0,0,7,1,5,68,5,59,611,0.99995,0.944,5.255864,33
15,75017781,C,T,SNV,0,Transcript,CANONICAL_SPLICE,6,splice_donor,0.536,0,,,,,,,ENSG00000140465,ENST00000379727,CYP1A1,CCDS10268.1,6-Jan,,,,,,,,,-1,DONOR,52,4720,,,,,0.966,0.999,1,0.551,2.079,2.314,318,,,,,0.016,0.039,0,0,0.024,0,0.071,0,0,0.016,0.031,0.094,0.37,0.15,0.189,28.6,4.98E-07,3.66,3.66,2,2,48.0267,1,0,R5,2.52,11.84,9.56,16.54,3.1,2,7.96,8.79,1.64,1.43,2.79,2.72,0.2807,0.0199,0.0308,0.3025,0.0848,,0,0,0.01,0.97,0,0,0,-6.048,0,55,0,0,2,0,4,59,9,63,660,0.99999,0.924,5.376246,33
15,75013764,C,A,SNV,0,CodingTranscript,STOP_GAINED,8,stop_gained,0.556,0,,,,,E,*,ENSG00000140465,ENST00000379727,CYP1A1,CCDS10268.1,,7-Apr,1232,0.459,1033,0.671,345,0.674,ndomain,10,DONOR,3948,703,,,,,0.09,0.999,0.999,-0.126,0.178,0.897,304,,,,,0,0,0,0,0.047,0.008,0,0,0.008,0,0,0,0.157,0.402,0.378,2276.6,7.34E-142,5.17,2.19,,,,,,R5,3.12,2,1.76,12.09,2.6,,,,,,,,,,,,,,0,0,0.05,0,0,0,-0.476,0,0,98,0,0,4,0,1,57,5,58,621,,,6.272336,35
15,75013983,G,A,SNV,0,CodingTranscript,STOP_GAINED,8,stop_gained,0.51,0.04,,,,,Q,*,ENSG00000140465,ENST00000379727,CYP1A1,CCDS10268.1,,7-Mar,1100,0.41,901,0.585,301,0.588,ndomain,,,3729,922,,,,,0.867,0.234,0.998,0.646,1.075,3.167,304,,,,,0,0,0,0,0.047,0.008,0,0,0.008,0,0,0,0.181,0.386,0.37,2276.6,7.34E-142,4.94,2.95,,,,,,R5,3.56,3,3,19.72,3,,,,,,,,,,,,,,0,0,0,0,0,0,-0.235,0,0,13,0,0,7,0,1,55,6,61,634,,,6.430205,36
15,75015234,G,A,SNV,0,CodingTranscript,STOP_GAINED,8,stop_gained,0.629,0.08,,,,,Q,*,ENSG00000140465,ENST00000379727,CYP1A1,CCDS10268.1,,7-Feb,404,0.15,205,0.133,69,0.135,ndomain,,,2478,2173,,,,,0.039,0.063,0.003,0.557,-0.015,0.11,311,,,,,0.008,0,0,0,0.039,0,0.016,0,0,0,0,0,0.197,0.402,0.339,2276.6,7.34E-142,5.36,-1.68,,,,,,R5,2.6,3.88,5.4,14,1.6,2,1.8,1.9,0.75,0,0,0,0.0479,0.011,0,0.0332,0,,0,0,0,0,0,0,-0.055,0,0,20,0,1,14,0,5,61,8,65,639,,,4.266332,30
15,75015367,C,T,SNV,0,CodingTranscript,STOP_GAINED,8,stop_gained,0.543,0.027,,,,,W,*,ENSG00000140465,ENST00000379727,CYP1A1,CCDS10268.1,,7-Feb,271,0.101,72,0.047,24,0.047,ndomain,,,2345,2306,,,,,0.085,0.997,0.999,0.651,2.654,4.097,311,,,,,0.008,0,0,0,0.039,0,0.016,0,0,0,0,0,0.197,0.402,0.339,2276.6,7.34E-142,5.64,5.64,,,,,,R3,3,2.56,3.96,25.45,1.9,2,1.8,1.9,0.75,0,0,0,0.0479,0.011,0,0.0332,0,,0,0,0,0,0,0,0.045,0,0,24,0,0,4,0,5,63,9,67,637,,,6.029811,35
15,75042216,G,A,SNV,0,CodingTranscript,STOP_GAINED,8,stop_gained,0.623,0.053,,,,,W,*,ENSG00000140505,ENST00000343932,CYP1A2,CCDS32293.1,,7-Feb,200,0.073,137,0.088,46,0.089,ndomain,,,1031,6328,,,,,0.973,1,0.99,0.651,2.646,0.371,409,,,,,0,0.008,0,0,0.016,0,0.016,0,0,0,0,0,0.11,0.339,0.512,1407.3,2.69E-128,5.11,5.11,,,,,,R3,4.48,4,2.68,,1.9,2,0.97,1.65,0,0,0,0,0.0361,0.0101,0,0.0249,0,,0,0,0,0,0,0,-0.011,0,0,28,0,0,11,1,5,81,10,55,614,,,6.757989,36
15,75042217,G,A,SNV,0,CodingTranscript,STOP_GAINED,8,stop_gained,0.629,0.053,,,,,W,*,ENSG00000140505,ENST00000343932,CYP1A2,CCDS32293.1,,7-Feb,201,0.074,138,0.089,46,0.089,ndomain,,,1032,6327,,,,,0.975,1,0.996,0.651,2.646,1.658,409,,,,,0,0.008,0,0,0.016,0,0.016,0,0,0,0,0,0.11,0.339,0.512,1407.3,2.69E-128,5.11,5.11,,,,,,R3,4.48,4,2.68,,1.8,2,0.97,1.65,0,0,0,0,0.0361,0.0101,0,0.0249,0,,0,0,0,0,0,0,0.024,0,0,4,0,0,11,1,5,81,10,55,614,,,6.741294,36
15,75047400,C,T,SNV,0,CodingTranscript,STOP_GAINED,8,stop_gained,0.642,0.147,,,,,Q,*,ENSG00000140505,ENST00000343932,CYP1A2,CCDS32293.1,,7-Jul,1585,0.581,1522,0.981,508,0.984,ndomain,,,6215,1144,,,,,0.179,0.558,0.965,0.451,2,1.637,406,,,,,0,0,0,0.008,0.031,0,0.031,0,0,0,0,0.008,0.102,0.291,0.528,,,3.92,3.92,,,,,,R5,3,5.48,4.72,,1,,,,,,,,,,,,,,0,0,0,0,0,0,-0.015,0,0,17,1,0,9,2,5,58,12,52,582,,,6.747809,36
2,38302922,C,A,SNV,0,Transcript,CANONICAL_SPLICE,6,splice_donor,0.636,0.16,1,ENSM00527959234,0,-0.025,,,ENSG00000138061,ENST00000260630,CYP1B1,CCDS1793.1,2-Jan,,,,,,,,,-1,DONOR,131,820,,,,,0.119,1,1,0.557,2.29,2.541,845,,,,,0.071,0.087,0,0,0,0,0.016,0,0.008,0.205,0.339,0.189,0.047,0.039,0,88.6,9.71E-11,4.12,4.12,2,3,66.1037,,,TF0,24.36,11.84,31.36,88.18,1.5,2,11.1,11.5,2.04,2.59,11.6,4.09,0.37,0.0208,0.0486,1.9191,0.1301,,0,0,0,0.6,0,0,0,-7.737,0,9,0,2,9,2,9,77,22,66,699,0.99996,0.814,4.981924,33
2,38298167,G,A,SNV,0,CodingTranscript,STOP_GAINED,8,stop_gained,0.49,0.027,,,,,R,*,ENSG00000138061,ENST00000260630,CYP1B1,CCDS1793.1,,3-Mar,1732,0.33,1330,0.815,444,0.818,ndomain,,,327,37,,,,,0.628,0.107,0.937,0.651,1.515,2.223,819,,,,,0.024,0,0.055,0.039,0.118,0.024,0,0.008,0,0,0.008,0,0.126,0.362,0.236,1495.5,2.17E-200,5.95,2.91,,,,,,R5,13.84,4,17.56,387.51,1.8,3,1.41,1.08,1.11,0,0,0,0.0212,0.0123,0.0163,0.0112,0.0105,,0,0,0,0,0,0,-0.014,0,0,3,3,1,8,3,2,69,14,62,651,,,7.313301,37
10,94834090,G,T,SNV,0,CodingTranscript,NON_SYNONYMOUS,7,missense,0.623,0.173,,,,,R,L,ENSG00000095596,ENST00000224356,CYP26A1,CCDS7426.1,,7-Feb,260,0.122,215,0.144,72,0.145,ndomain,,,443,3552,deleterious,0,possibly_damaging,0.498,0.998,1,1,0.557,2.707,5.545,529,,,,,0.055,0.031,0,0,0,0,0.024,0,0,0.22,0.339,0.22,0.071,0.016,0.024,4044.7,0,5.17,5.17,4,9,142.1833,,,C1,6.08,21.24,35.44,21.87,0.5,4,10.73,11.5,1.09,2.48,4.78,1.35,0.372,0.0149,0.0663,0.6074,0.0664,102,0,0,0,0,0,0,-0.024,0,0,37,0,2,3,0,12,68,8,69,562,,,4.30102,31
10,94834621,G,T,SNV,0,CodingTranscript,NON_SYNONYMOUS,7,missense,0.662,0.2,,,,,W,L,ENSG00000095596,ENST00000224356,CYP26A1,CCDS7426.1,,7-Mar,545,0.256,500,0.335,167,0.336,ndomain,,,974,3021,deleterious,0,probably_damaging,0.923,0.906,0.997,1,0.457,2.615,5.807,529,,,,,0.008,0.008,0.008,0,0,0,0.039,0,0,0.142,0.189,0.417,0.15,0.016,0.024,4044.7,0,5.03,5.03,3,8,142.1833,,,R5,4.68,23.04,26.84,36.17,0.3,2,10.73,11.5,1.09,2.48,4.78,1.35,0.372,0.0149,0.0663,0.6074,0.0664,61,0,0,0.01,0,0,0,-0.02,0,0,24,0,2,11,0,9,68,8,67,576,,,4.400544,32
10,94834290,G,A,SNV,0,Transcript,CANONICAL_SPLICE,6,splice_donor,0.629,0.133,,,,,,,ENSG00000095596,ENST00000224356,CYP26A1,CCDS7426.1,6-Feb,,,,,,,,,-1,DONOR,643,3352,,,,,0.917,1,1,0.457,2.567,5.423,529,,,,,0.024,0.024,0.008,0,0,0,0.024,0,0,0.126,0.409,0.307,0.047,0.008,0.024,4044.7,0,4.93,4.93,3,7,142.1833,1,0.78,TF2,7.48,28.72,44.72,46.26,0.1,2,10.73,11.5,1.09,2.48,4.78,1.35,0.372,0.0149,0.0663,0.6074,0.0664,,0.01,0,0,0.99,0,0,0,-3.764,0,17,0,0,6,0,12,72,8,70,568,0.99999,0.932,5.845651,34
19,41600886,TG,T,DEL,1,CodingTranscript,FRAME_SHIFT,7,frameshift,0.583,0.027,,,,,L,X,ENSG00000197838,ENST00000330436,CYP2A13,CCDS12571.1,,9-Aug,1185,0.681,1185,0.798,395,0.8,ndomain,,,6510,1214,,,,,0.788,1,1,0.48,2.21,2.15,829,,,,,0,0,0,0,0.008,0,0,0,0,0,0,0,0.102,0.646,0.244,366.6,2.46E-50,4.25,4.25,,,,,,H3K9me1,3.92,6.68,1.88,5.05,1.6,,,,,,,,,,,,,,0,0,0,0,0,0,0.115,0,0,7,0,1,12,4,8,58,50,76,713,,,4.626141,32
19,41600237,C,CA,INS,1,CodingTranscript,FRAME_SHIFT,7,frameshift,0.553,0.054,,,,,A,AX,ENSG00000197838,ENST00000330436,CYP2A13,CCDS12571.1,,9-Jul,1061,0.61,1061,0.714,354,0.717,ndomain,,,5860,1863,,,,,0.437,0.84,0.999,0.3,2.195,5.217,829,,,,,0,0,0,0,0.008,0,0,0,0,0,0,0,0.126,0.654,0.213,421.4,2.29E-53,4.19,4.19,,,,,,R3,3.36,3.72,2,3.36,3,,,,,,,,,,,,,,0,0,0.94,0,0,0,-0.063,0,0,16,0,1,8,2,7,75,45,77,725,,,5.430116,33
19,41599676,G,C,SNV,0,CodingTranscript,NON_SYNONYMOUS,7,"splice,missense",0.596,0.053,,,,,A,P,ENSG00000197838,ENST00000330436,CYP2A13,CCDS12571.1,,9-Jun,973,0.56,973,0.655,325,0.658,ndomain,1,DONOR,5299,2425,deleterious,0.04,probably_damaging,0.961,0.528,1,1,0.473,2.335,5.351,829,,,,,0,0,0,0,0.008,0,0,0,0,0,0,0,0.126,0.677,0.189,317.5,4.70E-39,4.46,4.46,,,,,,TF0,4.6,4,2,11.78,2.2,,,,,,,,,,,,,27,0,0,0.78,0.04,0,0,-0.218,-2.169,0,14,0,0,8,2,2,73,39,85,737,0.99998,0.994,5.419881,33
19,41351363,T,A,SNV,0,CodingTranscript,STOP_GAINED,8,stop_gained,0.57,0.053,,,,,R,*,ENSG00000255974,ENST00000301141,CYP2A6,CCDS12568.1,,9-Jul,1018,0.577,997,0.671,333,0.674,ndomain,,,606,536,,,,,0.686,0.748,0.006,-0.986,0.369,0.03,825,,,,,0,0,0,0.008,0.055,0,0.008,0,0,0,0,0,0.118,0.591,0.22,228.1,2.21E-18,2.65,1.54,,,,,,L0,5.36,6.8,5.12,1.68,1.4,,,,,,,,,,,,,,0,0,0,0,0,0,0.011,0,0,13,1,0,10,5,11,94,31,105,695,,,6.47473,36
19,41355765,G,A,SNV,0,CodingTranscript,STOP_GAINED,8,stop_gained,0.649,0.107,,,,,R,*,ENSG00000255974,ENST00000301141,CYP2A6,CCDS12568.1,,9-Feb,322,0.183,301,0.203,101,0.204,ndomain,,,581,3831,,,,,0.371,0.14,0.246,0.177,0.286,0.513,830,,,,,0.016,0,0,0,0.024,0,0,0,0,0,0,0,0.354,0.346,0.26,,,2.72,1.61,,,,,,L0,8,2.8,4,0.84,,,,,,,,,,,,,,,0,0,0.57,0.05,0,0,-0.067,0,0,9,0,4,12,1,20,101,30,111,708,,,7.110721,37
19,41510297,G,T,SNV,0,CodingTranscript,STOP_GAINED,8,stop_gained,0.556,0.093,,,,,E,*,ENSG00000197408,ENST00000324071,CYP2B6,CCDS12570.1,,9-Mar,437,0.143,430,0.291,144,0.293,ndomain,,,13,2784,,,,,0.722,0.869,0.99,0.283,0.846,0.593,862,,,,,0,0,0,0.008,0.024,0,0.039,0.008,0.031,0,0,0,0.024,0.591,0.276,104.7,4.63E-08,3.8,2.76,,,,,,R3,5,10.04,3.84,12.62,3.4,,,,,,,,,,,,,,0,0,0,0,0,0,-0.331,0,0,13,0,3,9,4,17,60,39,168,715,,,8.04462,40
19,41512884,C,T,SNV,0,CodingTranscript,STOP_GAINED,8,stop_gained,0.49,0.04,,,,,R,*,ENSG00000197408,ENST00000324071,CYP2B6,CCDS12570.1,,9-Apr,566,0.185,559,0.379,187,0.381,ndomain,,,2600,197,,,,,0.188,0.145,0.984,0.418,1.126,2.492,862,,,,,0,0,0,0.008,0.016,0.008,0,0,0.008,0,0,0,0.102,0.575,0.283,,,4.48,3.45,,,,,,R1,1,3,3,3.36,2.3,,,,,,,,,,,,,,0,0,0,0,0,0,-0.03,0,0,14,1,1,8,3,14,81,41,165,684,,,7.235474,37
19,41515295,G,T,SNV,0,CodingTranscript,STOP_GAINED,8,stop_gained,0.596,0.04,,,,,E,*,ENSG00000197408,ENST00000324071,CYP2B6,CCDS12570.1,,9-May,824,0.27,817,0.554,273,0.556,ndomain,6,DONOR,288,7984,,,,,0.226,0.922,0.99,0.451,1.069,1.374,856,,,,,0,0,0,0.008,0.031,0,0,0,0,0,0,0,0.024,0.677,0.26,44,8.48E-09,4.41,3.36,,,,,,L0,6.68,3.12,2.72,9.25,1.8,,,,,,,,,,,,,,0,0,0.92,0.45,0,0,-0.17,0,0,40,0,3,11,6,17,62,40,151,660,,,9.942765,53
19,41515932,C,T,SNV,0,CodingTranscript,STOP_GAINED,8,stop_gained,0.583,0.08,,,,,Q,*,ENSG00000197408,ENST00000324071,CYP2B6,CCDS12570.1,,9-Jun,863,0.283,856,0.58,286,0.582,ndomain,,,350,7347,,,,,0.003,0,0,-0.436,-1.432,-1.869,856,,,,,0,0,0,0.008,0.031,0,0.008,0,0.008,0,0,0,0.063,0.646,0.236,,,4.58,-9.17,,,,,,R5,6.8,9.24,3.56,9.25,2.5,,,,,,,,,,,,,,0,0.14,0,0,0,0,-0.156,0,0,26,0,1,12,5,14,70,41,142,666,,,5.180715,33
10,96798747,C,A,SNV,0,CodingTranscript,STOP_GAINED,8,stop_gained,0.377,0.013,,,,,E,*,ENSG00000138115,ENST00000371270,CYP2C8,CCDS7438.1,,9-Aug,1293,0.672,1198,0.813,400,0.816,ndomain,,,386,31,,,,,0.011,0.067,0.171,0.486,0.983,0.505,671,,-0.2139,-10.34,120,0,0,0,0.008,0.024,0,0,0,0,0,0,0,0,0.031,0.937,,,3.96,3.03,,,,,,F1,1,1,2.72,2.66,1.4,,,,,,,,,,,,,,0.01,0.12,0,0,0,0,-0.504,0,0,10,1,1,11,2,7,75,25,43,548,,,6.720384,36
10,96818190,G,A,SNV,0,CodingTranscript,STOP_GAINED,8,stop_gained,0.377,0.04,,,,,R,*,ENSG00000138115,ENST00000371270,CYP2C8,CCDS7438.1,,9-May,816,0.424,721,0.489,241,0.492,ndomain,,,10971,17512,,,,,0.018,0,0.001,-0.963,0.099,0.815,675,,,,,0,0,0,0.008,0.008,0,0,0,0.008,0,0,0,0,0,0.976,,,4.17,1.69,,,,,,F1,1,2,3.92,3.11,1.3,,,,,,,,,,,,,,0,0,0,0,0,0,-0.036,0,0,10,0,1,10,2,8,69,48,79,681,,,5.220544,33
10,96824564,C,T,SNV,0,CodingTranscript,STOP_GAINED,8,stop_gained,0.351,0,,,,,W,*,ENSG00000138115,ENST00000371270,CYP2C8,CCDS7438.1,,9-Apr,730,0.38,635,0.431,212,0.433,ndomain,8,DONOR,4597,23886,,,,,0.112,0.051,0.241,0.307,1.977,1.642,675,,,,,0,0,0.008,0,0.008,0,0,0.008,0.197,0,0,0,0,0,0.78,,,4.37,4.37,,,,,,F0,,1.8,3.12,3.36,0.8,,,,,,,,,,,,,,0,0,0,0,0,0,-0.264,0,0,37,0,0,7,7,9,58,40,70,681,,,6.939493,36
10,96741125,A,T,SNV,0,CodingTranscript,STOP_GAINED,8,"splice,stop_gained",0.417,0.013,,,,,K,*,ENSG00000138109,ENST00000260682,CYP2C9,CCDS7437.1,,9-Jul,1159,0.628,1147,0.779,383,0.782,ndomain,3,DONOR,42697,8023,,,,,0.081,0.022,1,0.249,1.722,3.772,624,,,,,0,0,0,0.008,0.024,0,0,0,0.031,0,0,0,0,0.016,0.921,,,3.78,3.78,,,,,,L0,8,3.92,3,0.64,1.8,,,,,,,,,,,,,,0,0,0,0.03,0,0,-0.147,-1.335,0,4,0,1,11,1,9,72,20,77,621,0.76572,0.422,7.797662,39
22,42523528,C,T,SNV,0,CodingTranscript,NON_SYNONYMOUS,7,missense,0.609,0.107,,,,,R,H,ENSG00000100197,ENST00000360608,CYP2D6,CCDS46721.1,,9-Jul,1209,0.718,1094,0.732,365,0.734,ndomain,,,2384,970,deleterious,0.01,probably_damaging,0.999,0.96,0.999,1,0.55,2.28,5.712,231,,,,,0,0,0,0.039,0.378,0,0,0,0,0,0,0,0,0.039,0.543,365.2,8.65E-50,4.93,4.93,,,,,,L0,2.64,2,2,26.2,,2,14.78,10.8,5.56,2.82,1.72,2.23,0.2642,0.0442,0.0528,0.1271,0.0863,29,0,0,0.02,0,0,0,-0.041,0,0,25,0,0,6,4,8,101,42,76,718,,,4.368389,31
10,135346282,T,A,SNV,0,CodingTranscript,STOP_GAINED,8,stop_gained,0.49,0.027,,,,,Y,*,ENSG00000130649,ENST00000463117,CYP2E1,CCDS7686.1,,11-Jul,1007,0.527,735,0.496,245,0.497,ndomain,,,1202,91,,,,,0.025,0,0.005,0.53,-0.251,0.223,782,,,,,0,0,0,0.016,0.102,0,0,0,0.142,0,0,0,0.071,0.551,0.118,,,4.48,-1.46,,,,,,R3,1.08,3,4,2.48,1.3,,,,,,,,,,,,,,0,0,0.11,0,0,0,-0.073,0,0,28,0,0,5,4,7,53,38,60,606,,,5.021447,33
10,135350608,C,T,SNV,0,CodingTranscript,STOP_GAINED,8,stop_gained,0.483,0.027,,,,,R,*,ENSG00000130649,ENST00000463117,CYP2E1,CCDS7686.1,,11-Sep,1281,0.67,1009,0.681,337,0.684,ndomain,,,397,1708,,,,,0.003,0.008,0.042,0.585,0.589,0.575,780,,,,,0,0,0,0.016,0.118,0.008,0.016,0.024,0.134,0,0,0,0.008,0.291,0.386,246.7,1.26E-31,4.49,2.55,,,,,,R3,3.6,3,2.68,2.9,1,,,,,,,,,,,,,,0,0,0,0,0,0,-0.011,0,0,7,0,1,5,3,5,38,45,66,480,,,5.544349,34
1,60375507,ATTCCAATCCT,A,DEL,10,CodingTranscript,FRAME_SHIFT,7,frameshift,0.362,0,,,,,KDWN,X,ENSG00000134716,ENST00000371204,CYP2J2,CCDS613.1,,9-May,844,0.445,800,0.53,267,0.532,ndomain,,,3394,67,,,,,0.799,0.995,1,0.651,2.825,5.614,580,,,,,0,0,0,0.039,0.268,0,0.016,0,0,0,0,0,0,0.11,0.567,185.8,7.44E-11,5.95,5.95,,,,,,F0,2,1,2,26.08,1.1,,,,,,,,,,,,,,,,,,,,,,,26,0,0,6,0,6,59,12,56,550,,,4.893574,33
1,60373500,G,A,SNV,0,CodingTranscript,STOP_GAINED,8,stop_gained,0.51,0.04,,,,,R,*,ENSG00000134716,ENST00000371204,CYP2J2,CCDS613.1,,9-Jun,1005,0.53,961,0.637,321,0.639,ndomain,,,5411,14508,,,,,0.102,0.981,0.999,-0.157,1.36,1.623,580,,,,,0,0.008,0,0.11,0.165,0.016,0.016,0,0,0,0,0,0,0.102,0.583,384.7,1.58E-48,5.61,3.67,,,,,,R3,2,3.68,1,20.36,1.8,,,,,,,,,,,,,,0,0,0,0,0,0,-0.135,0,0,7,0,1,5,3,2,50,8,64,562,,,6.419636,35
1,60375565,C,T,SNV,0,CodingTranscript,STOP_GAINED,8,stop_gained,0.384,0,,,,,W,*,ENSG00000134716,ENST00000371204,CYP2J2,CCDS613.1,,9-May,796,0.42,752,0.498,251,0.5,ndomain,,,3346,19,,,,,0.044,0.796,0.75,0.645,1.524,1.332,580,,,,,0,0,0,0.039,0.268,0,0.016,0,0,0,0,0,0,0.11,0.567,185.8,7.44E-11,5.94,4.01,,,,,,L1,1.6,2,1.68,18.45,2.2,,,,,,,,,,,,,,0.01,0,0,0,0,0,-0.205,0,0,58,0,0,5,0,5,60,12,56,549,,,6.174806,35
11,14913613,GCAGCC,G,DEL,5,CodingTranscript,FRAME_SHIFT,7,frameshift,0.639,0.13,,,,,GL,X,ENSG00000186104,ENST00000334636,CYP2R1,CCDS7818.1,,5-Jan,181,0.112,134,0.089,45,0.09,lcompl,,,181,11434,,,,,0.984,1,1,0.457,2.661,4.496,413,,,,,0.843,0.087,0.016,0,0,0,0,0,0,0.039,0,0,0,0.008,0.008,472,1.12E-49,5.12,5.12,11,15,114.1715,,,GS,32.92,11.84,101.28,23.6,0.3,2,16,16,6.09,16,2.02,3.65,0.4029,0.0455,0.3429,0.1583,0.1029,,,,,,,,,,,51,1,0,5,2,4,82,14,46,587,,,4.638288,32
11,14913621,GGCGGCCC,G,DEL,7,CodingTranscript,FRAME_SHIFT,7,frameshift,0.643,0.141,,,,,GPP,X,ENSG00000186104,ENST00000334636,CYP2R1,CCDS7818.1,,5-Jan,171,0.106,124,0.082,42,0.084,lcompl,,,171,11442,,,,,0.978,1,1,0.457,2.661,5.429,413,,,,,0.843,0.087,0.016,0,0,0,0,0,0,0.039,0,0,0,0.008,0.008,472,1.12E-49,5.12,5.12,11,15,117.4385,,,TSS,32.92,11.84,101.28,16.14,0.4,2,16,16,6.09,16,2.02,3.65,0.4029,0.0455,0.3429,0.1583,0.1029,,,,,,,,,,,51,1,0,6,2,4,81,14,46,587,,,4.741973,32
11,14900719,C,T,SNV,0,CodingTranscript,NON_SYNONYMOUS,7,missense,0.404,0.013,,,,,R,Q,ENSG00000186104,ENST00000334636,CYP2R1,CCDS7818.1,,5-Apr,1318,0.817,1271,0.844,424,0.846,ndomain,,,6669,963,deleterious,0.01,probably_damaging,0.999,0.997,1,1,0.651,2.879,4.617,389,,,,,0,0,0,0.252,0.575,0,0,0,0,0,0,0,0,0,0.173,3883.4,0,5.76,5.76,,,,,,GE0,2,5.96,2.44,97.28,1.3,,,,,,,,,,,,,43,0,0,0,0,0,0,-0.106,0,0,6,0,1,6,0,5,42,3,51,520,,,4.297458,31
11,14900660,C,G,SNV,0,CodingTranscript,NON_SYNONYMOUS,7,"splice,missense",0.397,0.04,,,,,G,R,ENSG00000186104,ENST00000334636,CYP2R1,CCDS7818.1,,5-Apr,1377,0.854,1330,0.883,444,0.886,ndomain,1,DONOR,6728,1052,deleterious,0,probably_damaging,1,0.859,0.99,1,0.651,2.879,6.296,389,,,,,0,0,0,0.252,0.575,0,0,0,0,0,0,0,0,0,0.173,3883.4,0,5.76,5.76,,,,,,GE0,1.96,3,3,91.07,1.7,,,,,,,,,,,,,125,0,0,0,0.67,0,0,-0.51,-1.818,0,31,0,1,4,0,5,43,3,52,519,0.99999,0.976,6.155059,35
11,14907464,C,A,SNV,0,Transcript,CANONICAL_SPLICE,6,splice_acceptor,0.351,0,,,,,,,ENSG00000186104,ENST00000334636,CYP2R1,CCDS7818.1,4-Jan,,,,,,,,,-1,ACCEPTOR,60,5284,,,,,0.823,1,1,0.651,2.938,6.421,399,,,,,0,0,0,0,0.732,0,0.047,0,0,0,0,0,0,0,0.22,728.6,1.05E-129,6.17,6.17,,,,,,GE1,3,5.08,2,93.14,1.3,,,,,,,,,,,,,,0.82,0.95,0,0,0,-3.589,0,0,0,19,0,0,7,0,4,60,7,49,574,0.99999,0.938,6.295498,35
11,14907321,C,T,SNV,0,Transcript,CANONICAL_SPLICE,6,splice_donor,0.318,0.013,,,,,,,ENSG00000186104,ENST00000334636,CYP2R1,CCDS7818.1,4-Feb,,,,,,,,,-1,DONOR,67,5141,,,,,0.938,1,1,0.645,2.933,6.417,399,,,,,0,0,0,0.008,0.732,0,0.039,0,0,0,0,0,0,0,0.22,728.6,1.05E-129,6.16,6.16,,,,,,GE0,3.92,4,1,75.34,0.6,,,,,,,,,,,,,,0,0,0,0.98,0,0,0,-4.266,0,57,0,0,5,0,4,60,6,51,569,0.99999,0.938,5.792366,34
11,14900720,G,A,SNV,0,CodingTranscript,STOP_GAINED,8,stop_gained,0.397,0.013,,,,,R,*,ENSG00000186104,ENST00000334636,CYP2R1,CCDS7818.1,,5-Apr,1317,0.816,1270,0.843,424,0.846,ndomain,,,6668,962,,,,,0.996,0.999,1,0.651,1.548,2.074,389,,,,,0,0,0,0.252,0.575,0,0,0,0,0,0,0,0,0,0.173,3883.4,0,5.76,4.84,,,,,,GE0,2,5.96,2.44,98.94,1.3,,,,,,,,,,,,,,0,0,0,0,0,0,-0.057,0,0,53,0,1,6,0,5,42,3,51,520,,,7.564808,38
11,14902249,G,A,SNV,0,CodingTranscript,STOP_GAINED,8,stop_gained,0.351,0.04,,,,,R,*,ENSG00000186104,ENST00000334636,CYP2R1,CCDS7818.1,,5-Mar,480,0.298,433,0.288,145,0.289,ndomain,,,5139,69,,,,,0.978,1,1,0.557,2.783,5.859,392,,,,,0,0,0,0.102,0.709,0,0,0,0,0,0,0,0,0,0.189,3883.4,0,5.9,5.9,,,,,,GE0,2.52,3,2.28,101.42,1.2,,,,,,,,,,,,,,0,0,0,0,0,0,-0.179,0,0,7,0,0,8,0,5,52,2,49,531,,,7.253695,37
19,41704468,C,T,SNV,0,CodingTranscript,STOP_GAINED,8,stop_gained,0.649,0.053,,,,,Q,*,ENSG00000167600,ENST00000310054,CYP2S1,CCDS12573.1,,9-Apr,811,0.292,595,0.393,199,0.395,ndomain,,,4841,2737,,,,,0.865,0.999,0.979,0.298,2.387,1.307,851,,,,,0,0,0,0.157,0.157,0.016,0.016,0,0,0,0,0.016,0.11,0.236,0.291,212.5,2.50E-19,5.14,4.04,,,,,,TF0,4.28,5,2,721.64,1.2,2,1.33,2.1,0,0,0,0,0.0533,0.0069,0,0.0298,0,,0,0,0,0,0,0,-0.173,0,0,31,0,1,7,1,4,66,18,66,610,,,7.354294,38
7,99463528,G,T,SNV,0,Transcript,CANONICAL_SPLICE,6,splice_acceptor,0.298,0,,,,,,,ENSG00000021461,ENST00000222382,CYP3A43,CCDS5675.1,12-Dec,,,,,,,,,-1,ACCEPTOR,37789,97,,,,,0.335,0.78,1,0.198,1.771,3.603,369,,,,,0,0,0,0.008,0.008,0,0,0,0.024,0,0,0,0.031,0.205,0.724,,,3.17,3.17,,,,,,R2,1,4,4.68,,1.1,,,,,,,,,,,,,,0.01,0.95,0,0,0,-4.623,0,0,0,57,0,1,4,1,5,48,16,40,475,0.99998,0.926,4.373178,31
7,99436781,C,G,SNV,0,CodingTranscript,STOP_GAINED,8,stop_gained,0.358,0.013,,,,,Y,*,ENSG00000021461,ENST00000222382,CYP3A43,CCDS5675.1,,13-Mar,204,0.135,204,0.135,68,0.135,ndomain,15,DONOR,11042,263,,,,,0.408,0.195,0.306,-1.406,0.404,0.466,394,,-0.2438,-23.41,140,0,0.008,0,0.008,0.079,0,0.087,0,0,0,0,0,0.055,0.252,0.512,,,2.68,1.49,,,,,,R1,10.36,7.56,3.64,0.44,0.9,,,,,,,,,,,,,,0,0,0,0.63,0,0,-0.882,0,0,42,0,0,7,1,5,58,15,67,587,,,6.174727,35
7,99264313,C,G,SNV,0,Transcript,CANONICAL_SPLICE,6,splice_acceptor,0.464,0.013,,,,,,,ENSG00000106258,ENST00000222982,CYP3A5,CCDS5672.1,12-May,,,,,,,,,-1,ACCEPTOR,9887,27,,,,,0.97,0.996,1,0.651,1.776,4.745,380,,,,,0,0,0,0.11,0.354,0,0.016,0,0,0,0,0,0,0.008,0.512,145.4,1.87E-15,3.74,3.74,,,,,,GM1,7.32,40.88,4.4,12.42,3,,,,,,,,,,,,,,0.17,0.56,0.18,0,0,-2.135,0,0,0,16,0,1,5,0,2,61,5,52,497,0.99999,0.938,4.951579,33
7,99247731,G,A,SNV,0,CodingTranscript,STOP_GAINED,8,stop_gained,0.377,0,,,,,Q,*,ENSG00000106258,ENST00000222982,CYP3A5,CCDS5672.1,,13-Dec,1478,0.859,1378,0.913,460,0.916,ndomain,,,26469,1908,,,,,0.553,0.978,1,0.557,2.147,5.157,369,,,,,0,0,0,0.024,0.512,0,0,0,0,0,0,0,0,0.008,0.457,302.9,0.00101679,4.73,4.73,,,,,,H3K9me1,2.84,2.6,3,14.63,2,,,,,,,,,,,,,,0,0,0.01,0.02,0,0,-0.224,0,0,94,0,0,4,0,0,47,10,38,486,,,7.494104,38
7,99260462,G,T,SNV,0,CodingTranscript,STOP_GAINED,8,stop_gained,0.49,0.04,,,,,S,*,ENSG00000106258,ENST00000222982,CYP3A5,CCDS5672.1,,13-Sep,942,0.548,842,0.558,281,0.56,ndomain,,,744,704,,,,,0.207,0.038,0.01,0.651,0.266,0.367,377,,,,,0,0,0,0.142,0.323,0,0.008,0.024,0.016,0,0,0,0,0.008,0.48,101.3,1.42E-11,4.44,2.54,,,,,,GM0,4,10.48,2,13.36,1.7,,,,,,,,,,,,,,0,0,0,0.35,0,0,-0.498,0,0,63,0,0,5,2,3,42,7,55,568,,,5.843301,34
7,99261643,A,T,SNV,0,CodingTranscript,STOP_GAINED,8,stop_gained,0.325,0.027,,,,,L,*,ENSG00000106258,ENST00000222982,CYP3A5,CCDS5672.1,,13-Aug,846,0.492,746,0.494,249,0.496,ndomain,,,438,478,,,,,0.011,0.692,0.987,0.53,1.706,3.675,377,,,,,0,0,0,0.079,0.386,0,0,0.024,0.016,0,0,0,0,0.008,0.488,,,4.61,4.61,,,,,,GE0,4.72,9,2.16,8.69,1.5,,,,,,,,,,,,,,0.05,0,0,0,0,0,0.083,0,0,33,0,0,10,0,7,58,6,52,546,,,6.168844,35
7,99264289,A,C,SNV,0,CodingTranscript,STOP_GAINED,8,stop_gained,0.457,0.013,,,,,Y,*,ENSG00000106258,ENST00000222982,CYP3A5,CCDS5672.1,,13-Jun,556,0.323,456,0.302,152,0.303,ndomain,,,9911,51,,,,,0.949,0.859,0.915,0.53,0.39,0.269,380,90,,,,0,0,0,0.11,0.354,0,0.016,0,0,0,0,0,0,0.008,0.512,145.4,1.87E-15,3.74,2.52,,,,,,GM1,9.92,40.2,3,13.66,2.1,,,,,,,,,,,,,,0,0.53,0.22,0,0,0,-0.407,0,0,59,0,0,6,0,2,61,5,52,497,,,7.331181,37
7,99311155,G,A,SNV,0,CodingTranscript,STOP_GAINED,8,stop_gained,0.397,0.027,,,,,R,*,ENSG00000160870,ENST00000336374,CYP3A7,CCDS5673.1,,13-Sep,805,0.408,802,0.53,268,0.533,ndomain,4,ACCEPTOR,495,380,,,,,0.445,0.014,0.966,0.457,0.59,0.915,408,,,,,0,0,0,0.008,0.173,0,0.008,0,0.016,0,0,0,0,0.11,0.685,104.6,4.63E-13,4.03,3.09,,,,,,TF1,4,9.12,4,2.07,1.7,,,,,,,,,,,,,,0,0.02,0,0,0,0,-0.165,0,0,45,0,0,7,2,5,51,13,48,597,,,5.932474,35
1,47399618,C,A,SNV,0,CodingTranscript,NON_SYNONYMOUS,7,"splice,missense",0.583,0.053,,,,,G,C,ENSG00000187048,ENST00000310638,CYP4A11,CCDS543.1,,12-Sep,1254,0.496,1222,0.783,408,0.786,ndomain,1,DONOR,301,8,deleterious,0,probably_damaging,0.999,0.961,0.943,1,0.645,1.189,4.245,659,,,,,0,0,0,0.008,0.008,0,0,0,0.008,0,0,0,0,0.252,0.724,125.8,7.64E-16,4.97,4.04,,,,,,TF0,2,2.32,3.16,,3.8,,,,,,,,,,,,,159,0,0,0,0.63,0,0,-1.078,-4.58,0,3,0,0,17,3,6,69,26,83,671,0.99997,0.996,6.94431,36
1,47398654,C,T,SNV,0,Transcript,CANONICAL_SPLICE,6,splice_donor,0.523,0,,,,,,,ENSG00000187048,ENST00000310638,CYP4A11,CCDS543.1,11-Oct,,,,,,,,,-1,DONOR,1265,551,,,,,0.86,0.884,1,0.645,0.334,2.448,655,,,,,0,0,0,0.008,0.008,0,0,0,0.008,0,0,0,0,0.26,0.717,121.4,4.28E-16,5.35,2.45,,,,,,R3,3.6,4,2,,1.4,,,,,,,,,,,,,,0,0,0.39,0.83,0,0,0,-5.072,0,30,0,0,7,5,10,68,26,84,670,0.99997,0.878,4.998131,33
1,47401295,G,A,SNV,0,CodingTranscript,STOP_GAINED,8,stop_gained,0.543,0.013,,,,,Q,*,ENSG00000187048,ENST00000310638,CYP4A11,CCDS543.1,,12-May,567,0.224,535,0.343,179,0.345,ndomain,,,5803,1670,,,,,0.295,0.002,0,0.645,0.587,0.319,660,,,,,0,0,0,0,0.016,0,0,0,0.008,0,0,0,0,0.26,0.717,,,5.14,1.84,,,,,,D,5.4,3.48,2,,1,2,0.8,1.44,0,0,0,0,0.0328,0.004,0,0,0,,0.01,0.08,0,0,0,0,-0.274,0,0,40,0,0,6,3,4,59,22,73,682,,,5.548889,34
1,47403806,G,A,SNV,0,CodingTranscript,STOP_GAINED,8,stop_gained,0.497,0.013,,,,,Q,*,ENSG00000187048,ENST00000310638,CYP4A11,CCDS543.1,,12-Feb,231,0.091,199,0.128,67,0.129,ndomain,4,ACCEPTOR,3292,4181,,,,,0.001,0.013,0.003,-0.268,0.687,0.681,661,,,,,0,0,0.008,0,0.008,0,0.016,0,0.016,0,0,0,0,0.276,0.677,,,5.21,3.32,,,,,,R5,3,2.44,2.56,,2.3,4,0,0,0,0,0,2.03,0.0062,0.0044,0.0001,0.006,0.1184,,0,0,0,0,0,0,-0.099,0,0,14,0,1,7,1,7,74,15,80,645,,,4.680573,32
1,47610221,G,A,SNV,0,Transcript,CANONICAL_SPLICE,6,splice_acceptor,0.543,0.053,,,,,,,ENSG00000162365,ENST00000371891,CYP4A22,CCDS30707.1,11-Jul,,,,,,,,,-1,ACCEPTOR,7094,1935,,,,,0.649,0.818,1,0.187,0.838,4.249,740,,,,,0,0,0,0.008,0.008,0,0,0,0,0,0,0,0,0.173,0.811,,,1.51,1.51,,,,,,R0,5.24,2.56,4,,,,,,,,,,,,,,,,0.23,0.97,0,0,0,-2.16,0,0,0,94,0,0,4,5,7,68,38,79,613,0.99999,0.944,4.358269,31
1,47609066,G,A,SNV,0,Transcript,CANONICAL_SPLICE,6,splice_donor,0.583,0.013,,,,,,,ENSG00000162365,ENST00000371891,CYP4A22,CCDS30707.1,11-May,,,,,,,,,-1,DONOR,5939,3090,,,,,0.236,0.834,1,0.187,1.124,4.381,740,,,,,0,0,0,0.008,0.008,0,0,0,0,0,0,0,0,0.173,0.811,,,1.44,1.44,,,,,,R0,6.96,3.76,2,,,,,,,,,,,,,,,,0,0,0.26,1,0,0,0,-5.312,0,48,1,0,4,4,10,63,35,81,626,0.99996,0.934,4.353174,31
1,47609589,G,T,SNV,0,Transcript,CANONICAL_SPLICE,6,splice_donor,0.596,0.04,,,,,,,ENSG00000162365,ENST00000371891,CYP4A22,CCDS30707.1,11-Jun,,,,,,,,,-1,DONOR,6462,2567,,,,,0.617,0.915,1,0.187,1.11,3.54,740,,,,,0,0,0,0.008,0.008,0,0,0,0,0,0,0,0,0.165,0.819,,,1.94,1.94,3,5,89.35,,,C1,5.6,5.12,2,,3,4,2.66,1.8,1.83,1.54,16,1.37,0.0502,0.0162,0.0275,3.9376,0.068,,0.05,0,0.01,0.78,0,0,0,-5.176,0,15,0,2,12,6,10,71,40,81,614,0.99999,0.928,4.4075,32
1,47609043,C,T,SNV,0,CodingTranscript,STOP_GAINED,8,stop_gained,0.556,0.013,,,,,Q,*,ENSG00000162365,ENST00000371891,CYP4A22,CCDS30707.1,,12-May,644,0.254,613,0.393,205,0.395,ndomain,,,5916,3113,,,,,0.269,0.262,0.251,0.187,-0.29,-0.275,740,,,,,0,0,0,0.008,0.008,0,0,0,0,0,0,0,0,0.173,0.811,,,1.44,-1.1,,,,,,R0,8,4,2,,,,,,,,,,,,,,,,0,0,0,0.04,0,0,-0.252,0,0,51,1,0,5,4,10,60,34,81,626,,,5.495427,34
1,47610061,C,T,SNV,0,CodingTranscript,STOP_GAINED,8,stop_gained,0.517,0.013,,,,,Q,*,ENSG00000162365,ENST00000371891,CYP4A22,CCDS30707.1,,12-Jul,854,0.337,823,0.528,275,0.53,ndomain,,,6934,2095,,,,,0.704,0.023,0.826,0.187,0.838,0.996,740,,,,,0,0,0,0.008,0.008,0,0,0,0,0,0,0,0,0.173,0.811,,,1.51,1.51,,,,,,H3K9me1,3.96,2,1,,2.9,,,,,,,,,,,,,,0.01,0,0,0,0,0,-0.269,0,0,2,1,0,9,5,7,68,39,83,608,,,6.60233,36
1,47278202,G,T,SNV,0,CodingTranscript,NON_SYNONYMOUS,7,missense,0.596,0.027,,,,,W,C,ENSG00000142973,ENST00000371923,CYP4B1,CCDS41328.1,,12-Apr,438,0.208,402,0.261,134,0.262,ndomain,,,1427,1459,deleterious,0,probably_damaging,1,0.981,1,1,0.587,2.798,6.172,653,,,,,0,0,0,0.008,0.016,0.024,0.031,0,0.039,0,0,0,0.016,0.189,0.677,278.3,2.08E-37,5.91,5.91,,,,,,TF2,4,4,6.16,52.16,2,,,,,,,,,,,,,215,0,0,0,0,0,0,-0.062,0,0,24,0,0,5,2,4,61,30,79,570,,,4.518492,32
1,47279899,G,A,SNV,0,CodingTranscript,NON_SYNONYMOUS,7,missense,0.556,0.04,,,,,R,Q,ENSG00000142973,ENST00000371923,CYP4B1,CCDS41328.1,,12-Jul,830,0.393,794,0.516,265,0.518,ndomain,19,ACCEPTOR,848,239,deleterious,0,probably_damaging,0.931,0.901,0.953,1,0.544,2.644,5.684,653,,,,,0,0,0,0.047,0.008,0,0,0,0.039,0,0,0,0.024,0.173,0.709,284.2,1.27E-38,5.6,5.6,,,,,,R5,8.48,2,1,47.71,1.6,,,,,,,,,,,,,43,0,0,0,0,0,0,-0.031,0,0,11,0,1,10,1,18,58,31,75,580,,,4.38698,32
1,47282734,A,T,SNV,0,CodingTranscript,NON_SYNONYMOUS,7,missense,0.53,0.04,,,,,K,I,ENSG00000142973,ENST00000371923,CYP4B1,CCDS41328.1,,12-Sep,1124,0.533,1088,0.707,363,0.709,ndomain,15,ACCEPTOR,14,120,deleterious,0,possibly_damaging,0.851,0.955,0.995,1,0.53,2.226,5.155,650,,,,,0,0,0,0.031,0.024,0,0,0,0.031,0,0,0,0,0.189,0.724,519.3,1.88E-86,5.82,5.82,,,,,,R5,3.28,1,2,48.98,0.7,,,,,,,,,,,,,102,0.02,0,0,0,0,0,-0.068,0,0,17,1,2,5,4,3,48,29,77,574,,,4.274306,30
1,47282772,C,T,SNV,0,CodingTranscript,NON_SYNONYMOUS,7,missense,0.556,0.04,,,,,R,C,ENSG00000142973,ENST00000371923,CYP4B1,CCDS41328.1,,12-Sep,1162,0.551,1126,0.732,376,0.734,ndomain,,,52,82,deleterious,0,probably_damaging,1,0.988,0.994,1,0.651,2.758,6.243,650,,,,,0,0,0,0.031,0.024,0,0,0,0.031,0,0,0,0,0.189,0.724,519.3,1.88E-86,5.82,5.82,,,,,,R5,4,1,3.68,66.16,1.5,,,,,,,,,,,,,180,0.06,0,0,0,0,0,-0.016,0,0,18,1,1,5,4,3,49,30,78,571,,,4.641253,32
1,47284301,A,C,SNV,0,Transcript,CANONICAL_SPLICE,6,splice_acceptor,0.51,0.027,,,,,,,ENSG00000142973,ENST00000371923,CYP4B1,CCDS41328.1,11-Nov,,,,,,,,,-2,ACCEPTOR,1581,42,,,,,0.041,0.957,1,0.53,2.221,4.437,650,,,,,0,0,0,0.039,0.016,0,0,0,0.031,0,0,0,0,0.173,0.74,391.7,5.99E-45,5.8,5.8,,,,,,R5,3.36,1.32,1.92,29.26,3.1,,,,,,,,,,,,,,0.01,0.92,0,0,0,-2.314,0,0,0,40,0,0,4,2,7,45,29,73,542,0.99997,0.89,4.629386,32
1,47276622,G,T,SNV,0,Transcript,CANONICAL_SPLICE,6,splice_donor,0.55,0.027,,,,,,,ENSG00000142973,ENST00000371923,CYP4B1,CCDS41328.1,11-Feb,,,,,,,,,-1,DONOR,124,100,,,,,0.004,0.724,0.998,-0.13,1.419,2.555,652,,,,,0,0,0,0,0.031,0.016,0.055,0,0.031,0,0,0,0,0.173,0.693,309.1,1.79E-34,5.67,4.76,,,,,,TF0,2.24,2,1.4,22.9,1.5,,,,,,,,,,,,,,0,0,0.55,1,0,0,0,-6.309,0,33,0,0,10,3,9,68,27,79,569,0.99998,0.784,4.609537,32
1,47276584,T,A,SNV,0,CodingTranscript,STOP_GAINED,8,stop_gained,0.589,0.04,,,,,Y,*,ENSG00000142973,ENST00000371923,CYP4B1,CCDS41328.1,,12-Feb,321,0.152,285,0.185,95,0.186,ndomain,,,162,62,,,,,0.446,1,0.998,0.53,0.414,0.249,652,,,,,0,0,0,0,0.031,0.016,0.055,0,0.031,0,0,0,0,0.181,0.685,309.1,1.79E-34,5.67,0.807,,,,,,R5,3,2,1,43.26,3.5,,,,,,,,,,,,,,0,0,0.01,0,0,0,0.016,0,0,5,0,0,10,3,8,71,27,81,567,,,5.957858,35
19,15990239,C,A,SNV,0,Transcript,CANONICAL_SPLICE,6,splice_acceptor,0.556,0.053,,,,,,,ENSG00000186115,ENST00000221700,CYP4F2,CCDS12336.1,12-Nov,,,,,,,,,-1,ACCEPTOR,6597,209,,,,,0.517,0.955,1,0.486,1.673,3.99,976,,,,,0,0,0,0.008,0.016,0,0,0.008,0.126,0,0,0,0.079,0.441,0.323,115.2,6.74E-12,3.05,3.05,1,1,43.1999,,,R3,1.64,1,2,6.66,1,2,0.83,1.47,0,0,0,0,0.0322,0.0035,0,0.0147,0,,0.21,0.99,0,0,0,-3.416,0,0,0,13,0,2,6,3,5,71,32,52,583,0.99997,0.93,4.761765,32
1,97839116,CCTGCCCACAGGCCAGG,C,DEL,16,CodingTranscript,FRAME_SHIFT,7,"splice,frameshift",0.482,0.012,,,,,GLACGQ,X,ENSG00000188641,ENST00000370192,DPYD,CCDS30777.1,,16/23,2144,0.486,2043,0.664,681,0.664,ndomain,1,DONOR,547448,295818,,,,,0.955,1,1,0.581,2.773,5.617,879,,,,,0,0,0,0.024,0.26,0,0.024,0,0,0,0,0,0,0,0.693,394.9,1.70E-69,5.57,5.57,,,,,,F0,3,3,2,75.14,1.4,,,,,,,,,,,,,,,,,,,,,,,27,0,0,8,5,6,56,38,68,543,,,5.647457,34
1,97658762,C,T,SNV,0,CodingTranscript,NON_SYNONYMOUS,7,missense,0.45,0.013,,,,,D,N,ENSG00000188641,ENST00000370192,DPYD,CCDS30777.1,,20/23,2586,0.586,2485,0.807,829,0.809,ndomain,,,97283,115463,deleterious,0.01,probably_damaging,1,0.996,0.997,1,0.645,2.828,5.814,795,,,,,0,0.016,0,0.189,0.157,0.008,0.181,0,0,0,0,0,0,0,0.449,4854.3,0,5.96,5.96,8,10,102.0762,,,R2,44.48,25.92,11,145.32,1.3,1,6.34,2.39,5.22,0.94,5.93,0,0.0627,0.0398,0.0203,0.4107,0.0372,23,0.01,0,0,0,0,0,-0.141,0,0,38,0,1,3,1,7,61,11,50,577,,,4.457267,32
1,98039427,G,A,SNV,0,CodingTranscript,NON_SYNONYMOUS,7,missense,0.437,0.04,,,,,R,W,ENSG00000188641,ENST00000370192,DPYD,CCDS30777.1,,23-Nov,1329,0.301,1228,0.399,410,0.4,ndomain,,,347153,496128,deleterious,0,probably_damaging,0.979,0.87,1,1,0.645,2.734,5.358,816,,,,,0,0,0,0.11,0.307,0,0,0,0,0,0,0,0,0,0.583,749.7,2.18E-104,5.81,5.81,1,1,65.5054,,,F1,2,9.36,4,112.4,1,,,,,,,,,,,,,101,0,0,0.02,0,0,0,-0.022,0,0,5,0,2,7,2,6,63,14,67,579,,,4.450557,32
1,98058925,G,A,SNV,0,CodingTranscript,NON_SYNONYMOUS,7,missense,0.477,0.053,,,,,S,F,ENSG00000188641,ENST00000370192,DPYD,CCDS30777.1,,23-Oct,1078,0.244,977,0.317,326,0.318,ndomain,19,ACCEPTOR,327655,515626,deleterious,0.05,possibly_damaging,0.752,0.997,1,1,0.651,2.938,5.631,718,,,,,0.008,0,0,0.197,0.268,0,0,0.024,0.016,0,0,0,0,0,0.488,2172.9,0,6.17,6.17,,,,,,L1,3,3,3,96.88,1.1,,,,,,,,,,,,,155,0,0,0,0,0,0,-0.067,0,0,14,0,0,8,0,5,54,9,59,603,,,4.298404,31
1,97700550,C,A,SNV,0,CodingTranscript,NON_SYNONYMOUS,7,"splice,missense",0.417,0.013,,,,,G,V,ENSG00000188641,ENST00000370192,DPYD,CCDS30777.1,,19/23,2401,0.544,2300,0.747,767,0.748,ndomain,1,ACCEPTOR,139071,87962,deleterious,0,probably_damaging,1,0.54,0.997,1,0.553,2.713,6.205,870,,,,,0,0,0,0.11,0.386,0,0,0,0,0,0,0,0,0,0.504,453,3.02E-66,5.74,5.74,,,,,,L1,5,3,3.48,85.08,1.1,,,,,,,,,,,,,109,0,0.06,0,0,0,-1.635,0.004,0,0,24,1,0,9,4,2,65,24,46,603,0.99991,0.994,4.921844,33
1,98293683,G,A,SNV,0,CodingTranscript,STOP_GAINED,8,stop_gained,0.43,0.04,,,,,R,*,ENSG00000188641,ENST00000370192,DPYD,CCDS30777.1,,23-Mar,321,0.073,220,0.071,74,0.072,ndomain,14,DONOR,92871,108369,,,,,0.998,1,1,0.559,1.355,3.233,854,,,,,0,0,0,0.024,0.22,0,0.118,0,0,0,0,0,0,0,0.638,4727.3,0,5.68,4.75,3,3,137.0535,,,F0,3,6.24,5.32,93.15,1.5,,,,,,,,,,,,,,0,0,0,0,0,0,-0.23,0,0,47,0,0,7,0,6,63,13,55,603,,,7.657389,39
1,169487673,G,A,SNV,0,CodingTranscript,NON_SYNONYMOUS,7,missense,0.497,0.053,,,,,R,C,ENSG00000198734,ENST00000367797,F5,CCDS1281.1,,23/25,6524,0.929,6322,0.947,2108,0.948,ndomain,,,68154,4269,deleterious,0,probably_damaging,0.991,0.997,0.966,0.904,0.587,2.662,1.954,619,,,,,0,0,0,0.063,0.079,0,0.031,0,0,0,0,0,0,0.039,0.787,544.1,3.43E-91,5.67,5.67,,,,,,R1,6,2,4.64,0.89,2.2,,,,,,,,,,,,,180,0,0,0.01,0.09,0,0,-0.045,0,0,14,0,1,3,1,3,47,29,63,497,,,4.39369,32
1,169483698,C,A,SNV,0,Transcript,CANONICAL_SPLICE,6,splice_acceptor,0.305,0,,,,,,,ENSG00000198734,ENST00000367797,F5,CCDS1281.1,24/24,,,,,,,,,-1,ACCEPTOR,1286,294,,,,,0.578,1,1,0.587,2.456,4.821,623,,,,,0,0,0,0.055,0.094,0,0.063,0,0,0,0,0,0,0.024,0.764,506.5,4.47E-84,5.27,5.27,,,,,,L1,2,6.24,6.84,,0.4,,,,,,,,,,,,,,0.02,0.76,0,0,0,-3.499,0,0,0,37,0,1,2,2,5,52,23,61,462,0.99994,0.94,4.966438,33
1,169498890,C,T,SNV,0,CodingTranscript,STOP_GAINED,8,stop_gained,0.371,0.027,,,,,W,*,ENSG00000198734,ENST00000367797,F5,CCDS1281.1,,16/25,5577,0.794,5375,0.805,1792,0.806,ndomain,,,56937,15486,,,,,0.221,0.495,0.987,0.553,1.241,3.189,622,,,,,0,0.087,0,0.055,0.079,0.008,0.197,0,0,0,0,0,0,0.094,0.48,688.8,1.28E-98,5.32,4.41,9,12,322.4194,,,R4,86.12,18.52,27.04,,0.8,1,3.77,2.21,2.65,0,0,0,0.0528,0.0244,0,0.0106,0,,0,0,0,0.26,0,0,-0.184,0,0,5,0,0,7,5,8,54,37,60,522,,,8.40422,42
1,169510576,A,T,SNV,0,CodingTranscript,STOP_GAINED,8,stop_gained,0.523,0.027,,,,,L,*,ENSG00000198734,ENST00000367797,F5,CCDS1281.1,,13/25,3954,0.563,3752,0.562,1251,0.562,lcompl,,,45251,27172,,,,,0.001,0,0,-1.089,-0.675,-0.547,626,,,,,0,0,0,0.039,0.079,0,0,0,0,0,0,0,0.016,0.126,0.74,,,4.56,-3.43,,,,,,R2,2,1.84,2.64,0.89,0.8,,,,,,,,,,,,,,0,0,0,0,0,0,0.006,0,0,37,0,1,3,6,7,52,47,42,542,,,4.653279,32
X,153760408,A,C,SNV,0,CodingTranscript,STOP_GAINED,8,stop_gained,0.616,0.04,,,,,Y,*,ENSG00000160211,ENST00000393562,G6PD,CCDS14756.2,,13-Dec,1926,0.732,1542,0.941,514,0.943,ndomain,6,DONOR,882,110,,,,,0.16,0.38,0.91,-0.525,-0.904,-0.473,,,,,,0,0,0.008,0.315,0.504,0.047,0.016,0.055,0.008,0,0,0,0,0.008,0.039,274.9,2.06E-36,5.57,-3.21,,,,,,TF2,1.2,4.72,2,786.2,0.1,2,0.74,1.36,0,0,0,0,0.0334,0.0043,0,0.0107,0,,0,0,0,0.1,0,0,-0.307,0,0,30,0,1,7,2,2,62,11,42,472,,,5.909025,35
11,67351642,T,G,SNV,0,Transcript,CANONICAL_SPLICE,6,splice_donor,0.642,0.093,,,,,,,ENSG00000084207,ENST00000398606,GSTP1,CCDS41679.1,6-Feb,,,,,,,,,-2,DONOR,37,894,,,,,0.057,0.995,0.999,0.449,1.883,2.635,408,,,,,0.693,0.252,0.016,0,0,0,0,0,0,0.016,0,0,0,0.016,0.008,110.2,3.33E-19,4.17,4.17,4,5,42.9722,,,GS,110.84,4.16,140.88,36.17,0.4,2,14.57,13.8,2.45,16,11.5,3.46,0.3689,0.0225,1.0489,1.1129,0.1209,,0,0,0.01,0.97,0,0,0,-3.774,0,33,0,1,7,4,9,63,40,46,569,0.99996,0.83,4.632422,32
11,67351984,G,A,SNV,0,CodingTranscript,STOP_GAINED,8,stop_gained,0.662,0.133,,,,,W,*,ENSG00000084207,ENST00000398606,GSTP1,CCDS41679.1,,7-Mar,336,0.348,87,0.137,29,0.138,ndomain,,,58,552,,,,,0.976,1,1,-0.14,1.368,1.259,408,,,,,0.528,0.354,0.055,0,0.016,0,0,0,0,0.008,0,0,0,0.016,0.024,228,1.57E-47,5.07,3.16,11,12,62.8465,,,GS,118.88,15.24,156.36,2344.92,0.2,2,14.57,13.8,2.45,16,11.5,3.46,0.3689,0.0225,1.0489,1.1129,0.1209,,0,0,0,0,0,0,-0.035,0,0,9,0,1,7,6,7,53,40,45,575,,,7.123534,37
19,39734548,C,T,SNV,0,Transcript,CANONICAL_SPLICE,6,splice_acceptor,0.715,0.093,,,,,,,ENSG00000197110,ENST00000413851,IFNL3,CCDS12530.1,4-Mar,,,,,,,,,-1,ACCEPTOR,1099,302,,,,,0.255,0.359,0.742,0.198,1.931,2.483,862,,,,,0,0,0,0,0.047,0,0,0,0,0,0,0,0.102,0.614,0.236,,,3.95,3.95,,,,,,L0,1.76,1,2,,0.4,2,2.56,2.67,0.85,0,0,0,0.0642,0.0119,0.018,0.0745,0.0423,,0.89,1,0,0,0,-3.16,0,0,0,47,0,1,10,3,14,91,33,96,652,0.99998,0.916,4.679366,32
8,18080016,G,T,SNV,0,CodingTranscript,STOP_GAINED,8,stop_gained,0.444,0.027,,,,,E,*,ENSG00000171428,ENST00000545197,NAT1,CCDS55205.1,,5-May,885,0.428,646,0.61,216,0.614,ndomain,,,730,183,,,,,0.449,0.912,1,0.455,2.129,2.722,923,,,,,0,0,0,0.37,0.283,0,0,0.024,0.024,0,0,0,0,0,0.299,1061.5,2.46E-86,4.35,4.35,,,,,,TF1,5,2.72,4.76,44.71,1.3,,,,,,,,,,,,,,0,0,0,0,0,0,-0.048,0,0,3,0,2,3,0,12,58,25,131,697,,,7.328819,37
13,48619870,C,CT,INS,1,CodingTranscript,FRAME_SHIFT,7,frameshift,0.473,0.027,,,,,Q,LX,ENSG00000136159,ENST00000258662,NUDT15,CCDS9407.1,,3-Mar,610,0.291,430,0.869,144,0.878,ndomain,,,8167,1488,,,,,0.863,1,1,0.557,2.544,4.377,665,,,,,0,0,0,0.134,0.843,0,0,0,0,0,0,0,0,0,0.024,423.3,9.79E-76,5.39,5.39,,,,,,GE0,3.56,5,2,117.75,1.9,,,,,,,,,,,,,,0,0,0,0,0,0,-0.012,0,0,51,0,1,6,2,5,46,13,65,546,,,5.109575,33
13,48612039,G,A,SNV,0,CodingTranscript,NON_SYNONYMOUS,7,"splice,missense",0.642,0.187,2,ENSM00525069938,0,0.015,G,S,ENSG00000136159,ENST00000258662,NUDT15,CCDS9407.1,,3-Jan,337,0.161,157,0.317,53,0.323,ndomain,2,DONOR,87,9320,deleterious,0.02,probably_damaging,0.998,0.959,1,1,0.462,1.248,3.676,660,,,,,0.969,0.016,0.016,0,0,0,0,0,0,0,0,0,0,0,0,300.3,4.94E-51,5.32,4.47,52,84,506.6794,,,TSS,261.36,9.56,291.32,285.97,0.5,1,16,15,8.01,16,16,8.84,0.3927,0.0568,0.6208,3.4926,0.2897,56,0,0,0,0,0,0,-0.043,1.133,0,2,0,0,12,3,14,91,14,81,606,0.08027,0.452,4.422238,32
13,48612039,G,C,SNV,0,CodingTranscript,NON_SYNONYMOUS,7,"splice,missense",0.642,0.187,2,ENSM00525069938,0,-0.043,G,R,ENSG00000136159,ENST00000258662,NUDT15,CCDS9407.1,,3-Jan,337,0.161,157,0.317,53,0.323,ndomain,2,DONOR,87,9320,deleterious,0.03,probably_damaging,0.984,0.959,1,1,0.462,1.248,3.676,660,,,,,0.969,0.016,0.016,0,0,0,0,0,0,0,0,0,0,0,0,300.3,4.94E-51,5.32,4.47,52,84,506.6794,,,TSS,261.36,9.56,291.32,285.97,0.5,1,16,15,8.01,16,16,8.84,0.3927,0.0568,0.6208,3.4926,0.2897,125,0,0,0,0,0,0,-0.004,0.589,0,2,0,0,12,3,14,91,14,81,606,0.10771,0.386,4.382254,31
7,75614244,C,T,SNV,0,CodingTranscript,NON_SYNONYMOUS,7,missense,0.722,0.227,,,,,R,C,ENSG00000127948,ENST00000461988,POR,CCDS5579.1,,16-Nov,1321,0.524,1216,0.595,406,0.597,ndomain,,,645,382,deleterious,0.01,possibly_damaging,0.732,0.99,1,1,0.651,2.426,5.501,666,,,,,0,0,0.016,0.693,0.197,0.047,0,0,0,0,0,0,0,0,0.047,1557.5,1.74E-144,4.69,4.69,,,,,,GE2,8,3.08,1,442.41,0.2,2,8.45,9.82,0.77,3.24,0,1.55,0.3151,0.0112,0.0616,0.0591,0.0815,180,0,0,0,0,0,0,-0.046,0,0,7,1,1,16,8,5,103,28,90,935,,,4.537291,32
7,75615047,C,T,SNV,0,CodingTranscript,NON_SYNONYMOUS,7,missense,0.709,0.16,,,,,R,C,ENSG00000127948,ENST00000461988,POR,CCDS5579.1,,13/16,1654,0.656,1549,0.758,517,0.76,ndomain,,,159,17,deleterious,0,probably_damaging,0.999,0.986,1,1,0.557,1.101,3.748,662,,,,,0,0,0,0.654,0.181,0.11,0,0.008,0,0,0,0,0,0,0.047,1557.5,1.74E-144,4.19,3.31,1,1,25.4472,,,GE2,7,6.04,3,313.72,0.5,2,8.45,9.82,0.77,3.24,0,1.55,0.3151,0.0112,0.0616,0.0591,0.0815,180,0,0,0,0,0,0,-0.053,0,0,5,1,0,14,8,8,114,28,90,907,,,4.269114,30
7,75615369,C,T,SNV,0,CodingTranscript,NON_SYNONYMOUS,7,missense,0.675,0.12,,,,,R,W,ENSG00000127948,ENST00000461988,POR,CCDS5579.1,,14/16,1903,0.755,1798,0.88,600,0.882,ndomain,18,DONOR,481,306,deleterious,0,probably_damaging,0.998,0.961,1,1,0.557,2.296,0.748,662,,,,,0,0,0,0.677,0.173,0.094,0,0.008,0,0,0,0,0,0,0.047,1557.5,1.74E-144,3.59,3.59,1,1,22.4951,,,GE2,4,2,2,587.91,1,2,8.45,9.82,0.77,3.24,0,1.55,0.3151,0.0112,0.0616,0.0591,0.0815,101,0,0,0.01,0,0,0,0.018,0,0,31,0,0,11,3,10,124,28,93,890,,,4.365197,31
7,75612953,A,T,SNV,0,CodingTranscript,NON_SYNONYMOUS,7,"splice,missense",0.623,0.067,,,,,R,W,ENSG00000127948,ENST00000461988,POR,CCDS5579.1,,16-Sep,1051,0.417,946,0.463,316,0.465,ndomain,2,DONOR,155,159,deleterious,0,probably_damaging,0.989,0.832,1,1,0.455,1.97,0.87,666,,,,,0,0,0.008,0.732,0.142,0.063,0.008,0,0,0,0,0,0,0,0.047,351.7,3.63E-76,5.2,4.06,1,1,36.301,,,GE2,4.88,11.36,2.52,563.82,0.8,2,5.74,6.2,0.93,4.64,1.22,1.71,0.151,0.0122,0.0904,0.0961,0.0828,101,0,0,0.02,0,0,0,0.027,-3.713,0,24,0,0,10,3,8,80,29,90,986,0.99996,0.98,5.324364,33
7,75615241,G,T,SNV,0,CodingTranscript,NON_SYNONYMOUS,7,"splice,missense",0.709,0.147,,,,,G,V,ENSG00000127948,ENST00000461988,POR,CCDS5579.1,,14/16,1775,0.704,1670,0.817,557,0.819,ndomain,1,ACCEPTOR,353,178,deleterious,0,possibly_damaging,0.81,0.737,0.999,1,0.557,1.143,3.592,662,,,,,0,0,0,0.677,0.173,0.094,0,0.008,0,0,0,0,0,0,0.047,1557.5,1.74E-144,3.7,2.82,1,1,22.4951,,,GE2,3,6,2,81.96,0.9,2,8.45,9.82,0.77,3.24,0,1.55,0.3151,0.0112,0.0616,0.0591,0.0815,109,0.3,0,0,0,0,-1.548,0.041,0,0,14,1,2,18,6,9,121,28,91,896,0.99358,0.95,4.543149,32
7,75611641,G,A,SNV,0,Transcript,CANONICAL_SPLICE,6,splice_donor,0.623,0.107,,,,,,,ENSG00000127948,ENST00000461988,POR,CCDS5579.1,15-Aug,,,,,,,,,-1,DONOR,412,1471,,,,,0.909,1,1,0.557,2.491,4.039,671,,,,,0,0,0,0.717,0.181,0.055,0,0,0,0,0,0,0,0,0.047,296,1.64E-63,4.99,4.99,,,,,,GE2,4,4,3.6,522.31,1.8,2,3.1,3.41,0.9,3.46,0,0,0.0894,0.0106,0.0662,0.0561,0.0144,,0,0,0.16,0.98,0,0,0,-4.497,0,17,0,1,11,3,12,108,31,83,960,0.99999,0.94,5.725352,34
20,48156125,G,A,SNV,0,CodingTranscript,NON_SYNONYMOUS,7,missense,0.669,0.08,,,,,R,C,ENSG00000124212,ENST00000244043,PTGIS,CCDS13419.1,,10-May,685,0.123,655,0.436,219,0.438,ndomain,19,DONOR,28529,31687,deleterious,0.05,probably_damaging,1,0.918,0.427,0.992,0.557,2.483,4.592,889,,,,,0,0,0,0.142,0.165,0,0,0.102,0.11,0,0,0,0.016,0.142,0.323,320.3,8.56E-39,5,5,,,,,,TF0,4.64,2.8,4,46.26,1.7,,,,,,,,,,,,,180,0,0,0,0,0,0,0.003,0,0,26,0,0,11,3,11,67,20,79,582,,,4.301349,31
20,48184580,C,A,SNV,0,CodingTranscript,NON_SYNONYMOUS,7,"splice,missense",0.742,0.227,,,,,R,L,ENSG00000124212,ENST00000244043,PTGIS,CCDS13419.1,,10-Jan,104,0.019,74,0.049,25,0.05,ndomain,1,DONOR,74,60142,deleterious,0,possibly_damaging,0.774,0.48,0.999,1,0.298,1.248,1.269,906,,,,,0.362,0.047,0,0,0.024,0,0.016,0,0.008,0.165,0.071,0.094,0.126,0.079,0.008,,,1.72,1.72,4,4,56.2502,,,TF0,10.64,4,22.8,22.71,0,2,10.71,11,1.17,5.86,0,2.38,0.3539,0.0126,0.1077,0.053,0.0735,102,0,0,0,0.01,0,0,-0.755,-1.852,0,19,1,2,5,4,7,64,19,66,579,0.99984,0.958,4.792676,32
20,48130763,C,T,SNV,0,Transcript,CANONICAL_SPLICE,6,splice_donor,0.57,0.067,,,,,,,ENSG00000124212,ENST00000244043,PTGIS,CCDS13419.1,9-Jul,,,,,,,,,-1,DONOR,53891,6325,,,,,0.474,0.998,1,0.557,2.143,4.728,819,,,,,0,0,0,0.102,0.205,0,0,0.008,0.008,0,0,0,0.118,0.339,0.22,81.2,7.77E-12,4.37,4.37,,,,,,TF0,2,3.68,3,104.29,3.3,,,,,,,,,,,,,,0,0,0.02,0.93,0,0,0,-4.869,0,45,0,0,7,4,3,57,22,75,581,0.99999,0.944,5.169588,33
19,38973995,AC,A,DEL,1,CodingTranscript,FRAME_SHIFT,7,frameshift,0.629,0.133,,,,,P,X,ENSG00000196218,ENST00000359596,RYR1,CCDS33011.1,,33/106,4774,0.316,4774,0.316,1592,0.316,hmmpanther,,,49526,104065,,,,,0.834,0.994,1,0.457,2.339,5.751,671,,,,,0,0.008,0,0.102,0.102,0.008,0,0,0,0,0,0,0.031,0.276,0.472,721.5,4.55E-111,5.01,5.01,,,,,,TF2,1,2.32,,51.18,0.5,2,2.11,3.01,0,1.17,2.18,0,0.0782,0.0069,0.0202,0.2365,0.0375,,0,0,0,0,0,0,-0.006,0,0,28,0,0,12,0,7,74,24,59,618,,,5.195081,33
19,39061244,CAG,C,DEL,2,Transcript,CANONICAL_SPLICE,6,splice_acceptor,0.474,0.04,,,,,,,ENSG00000196218,ENST00000359596,RYR1,CCDS33011.1,93/105,,,,,,,,,-1,ACCEPTOR,3678,1639,,,,,0.894,0.996,1,0.557,2.655,5.841,587,,,,,0,0,0,0.039,0.157,0,0,0,0,0,0,0,0.016,0.315,0.472,326.4,6.53E-58,5.1,5.1,,,,,,L1,3,6,2,65.04,3.1,,,,,,,,,,,,,,0.01,1,0.03,0,0.02,-7.06,0,0,0,18,0,1,10,0,10,55,8,73,635,,,5.297046,33
19,39016134,T,TA,INS,1,CodingTranscript,STOP_GAINED,8,"frameshift,stop_gained",0.647,0.121,,,,,Y,*,ENSG00000196218,ENST00000359596,RYR1,CCDS33011.1,,71/106,10618,0.702,10618,0.702,3540,0.703,hmmpanther,8,DONOR,13923,9680,,,,,0.995,0.997,1,0.53,1.863,4.499,601,,,,,0,0,0,0.031,0.15,0,0,0.008,0,0,0,0,0.039,0.315,0.457,477.9,6.97E-63,4.15,4.15,,,,,,TF2,1.84,1.08,,137.54,3.6,,,,,,,,,,,,,,0,0,0.08,0.11,0,0,-0.005,0,0,26,0,1,7,2,1,68,23,48,627,,,6.82987,36
19,38943632,G,A,SNV,0,CodingTranscript,NON_SYNONYMOUS,7,missense,0.675,0.147,1,ENSM00531305210,0,0,R,H,ENSG00000196218,ENST00000359596,RYR1,CCDS33011.1,,13/106,1418,0.094,1418,0.094,473,0.094,ndomain,,,19162,134429,deleterious,0,probably_damaging,0.982,0.998,1,1,0.553,2.331,5.547,667,,,,,0,0,0,0.024,0.15,0.016,0.016,0,0.024,0,0,0,0.016,0.213,0.543,618.5,2.82E-95,4.47,4.47,19,19,346.9197,,,TSS,21.6,12,10.88,71.44,0.3,2,16,16,5.9,8.76,0,2.41,0.8714,0.0383,0.1758,0.0542,0.0504,29,0,0,0,0,0,0,-0.03,0,0,40,0,0,4,2,15,63,28,74,597,,,4.360551,31
19,39017654,C,T,SNV,0,CodingTranscript,NON_SYNONYMOUS,7,missense,0.536,0.013,,,,,R,W,ENSG00000196218,ENST00000359596,RYR1,CCDS33011.1,,72/106,10648,0.704,10648,0.704,3550,0.705,hmmpanther,,,1542,60,deleterious,0,probably_damaging,0.936,0.806,1,1,0.462,2.247,2.005,601,,,,,0,0,0,0.039,0.142,0,0.008,0,0,0,0,0.008,0.008,0.339,0.457,241.2,9.41E-41,4.36,4.36,,,,,,R5,5,2,4,50.65,1.4,,,,,,,,,,,,,101,0,0.24,0,0,0,0,-0.249,0,0,20,0,0,9,2,3,80,24,55,621,,,4.515743,32
19,39023167,G,C,SNV,0,CodingTranscript,NON_SYNONYMOUS,7,missense,0.576,0.013,,,,,D,H,ENSG00000196218,ENST00000359596,RYR1,CCDS33011.1,,77/106,11179,0.739,11179,0.739,3727,0.74,hmmpanther,15,DONOR,4437,2648,deleterious,0.04,possibly_damaging,0.879,0.841,0.951,1,0.651,2.668,5.664,594,,,,,0,0,0,0.055,0.15,0,0,0,0.008,0,0,0,0.024,0.291,0.472,203.5,6.23E-33,5.11,5.11,,,,,,TF0,2,1,1.24,138.08,3.6,2,0.79,1.42,0,0,0,0,0.0348,0.0026,0,0.0261,0,81,0,0,0,0,0,0,-0.443,0,0,51,0,0,6,2,7,50,14,69,595,,,4.550066,32
19,39026698,G,A,SNV,0,CodingTranscript,NON_SYNONYMOUS,7,missense,0.576,0.027,,,,,E,K,ENSG00000196218,ENST00000359596,RYR1,CCDS33011.1,,82/106,11578,0.766,11578,0.766,3860,0.766,hmmpanther,13,DONOR,1071,5,deleterious,0,probably_damaging,0.98,0.979,0.999,1,0.651,2.263,5.304,590,,,,,0,0,0,0.055,0.189,0,0,0.016,0.488,0,0,0,0.024,0.063,0.165,1783.3,1.70E-94,4.38,4.38,,,,,,D,1.56,2,0.56,100.23,0.6,,,,,,,,,,,,,56,0,0,0.1,0,0,0,-0.191,0,0,34,0,1,6,0,7,71,9,82,543,,,4.446123,32
19,39028586,A,T,SNV,0,CodingTranscript,NON_SYNONYMOUS,7,missense,0.55,0.053,,,,,E,V,ENSG00000196218,ENST00000359596,RYR1,CCDS33011.1,,84/106,11675,0.772,11675,0.772,3892,0.773,ndomain,15,DONOR,818,728,deleterious,0,probably_damaging,0.966,0.982,0.969,1,0.441,2.176,4.639,589,,,,,0,0,0,0.063,0.157,0.008,0.15,0.008,0.031,0,0,0,0.008,0.197,0.378,1783.3,1.70E-94,4.85,4.85,,,,,,TF0,3,2,1,198.85,0.8,,,,,,,,,,,,,121,0,0,0,0,0,0,-0.068,0,0,9,0,1,6,2,8,65,11,92,534,,,4.30092,31
19,39061260,G,A,SNV,0,CodingTranscript,NON_SYNONYMOUS,7,missense,0.464,0.04,,,,,R,Q,ENSG00000196218,ENST00000359596,RYR1,CCDS33011.1,,94/106,13673,0.904,13673,0.904,4558,0.905,ndomain,14,ACCEPTOR,3693,1625,deleterious,0,probably_damaging,0.994,0.972,0.999,0.999,0.557,2.655,5.841,587,,,,,0,0,0,0.039,0.157,0,0,0,0,0,0,0,0.016,0.315,0.472,326.4,6.53E-58,5.1,5.1,,,,,,R3,3,6,2,61.84,2.5,,,,,,,,,,,,,43,0,0,0,0,0,0,-0.183,0,0,5,0,1,7,0,10,55,8,73,634,,,4.642581,32
19,39071100,G,A,SNV,0,CodingTranscript,NON_SYNONYMOUS,7,missense,0.556,0.08,,,,,E,K,ENSG00000196218,ENST00000359596,RYR1,CCDS33011.1,,101/106,14602,0.966,14602,0.966,4868,0.966,ndomain,,,146630,6961,deleterious,0,probably_damaging,0.995,0.937,0.999,1,0.457,2.498,5.698,572,,,,,0,0,0,0.055,0.26,0,0.039,0.008,0,0,0,0,0,0.142,0.496,519.8,3.41E-90,4.81,4.81,,,,,,R5,5,2.64,3.72,129.55,3.3,,,,,,,,,,,,,56,0,0,0,0,0,0,-0.024,0,0,39,0,1,4,2,4,64,16,69,643,,,4.318141,31
19,39075635,A,G,SNV,0,CodingTranscript,NON_SYNONYMOUS,7,missense,0.583,0.147,,,,,D,G,ENSG00000196218,ENST00000359596,RYR1,CCDS33011.1,,102/106,14699,0.972,14699,0.972,4900,0.973,ndomain,,,151165,2426,deleterious,0,probably_damaging,0.997,0.971,0.995,1,0.365,2.144,4.829,529,,,,,0,0,0,0.087,0.339,0,0.016,0,0,0,0,0,0,0.126,0.433,558.5,3.93E-95,5.08,5.08,,,,,,TF2,2,13.68,2.44,150.87,1.6,,,,,,,,,,,,,94,0.01,0,0,0,0,0,-0.184,0,0,21,0,0,9,1,1,50,12,66,632,,,4.405331,32
19,39075728,C,T,SNV,0,CodingTranscript,NON_SYNONYMOUS,7,missense,0.583,0.107,,,,,A,V,ENSG00000196218,ENST00000359596,RYR1,CCDS33011.1,,102/106,14792,0.979,14792,0.979,4931,0.979,lcompl,12,DONOR,151258,2333,deleterious,0,probably_damaging,0.996,0.976,1,1,0.444,2.655,5.847,529,,,,,0,0,0,0.087,0.339,0,0.016,0,0,0,0,0,0,0.126,0.433,558.5,3.93E-95,5.08,5.08,,,,,,R5,4.88,8,2.84,227.64,0.8,,,,,,,,,,,,,64,0,0,0.03,0,0,0,-0.011,0,0,40,0,0,3,1,1,58,12,67,624,,,4.326519,31
19,38943653,A,T,SNV,0,CodingTranscript,NON_SYNONYMOUS,7,"splice,missense",0.722,0.173,1,ENSM00525098947,1,-0.137,E,V,ENSG00000196218,ENST00000359596,RYR1,CCDS33011.1,,13/106,1439,0.095,1439,0.095,480,0.095,ndomain,2,DONOR,19183,134408,deleterious,0,probably_damaging,0.994,0.979,1,1,0.452,1.844,4.537,667,,,,,0,0,0,0.024,0.15,0.016,0.016,0,0.024,0,0,0,0.016,0.213,0.543,618.5,2.82E-95,4.36,4.36,20,20,346.9197,,,TSS,10.44,5.8,6.28,66.64,0.1,2,16,16,5.9,8.76,0,2.41,0.8714,0.0383,0.1758,0.0542,0.0504,121,0,0,0.82,0.01,0,0,-0.053,-2.228,0,40,0,0,7,2,15,64,28,74,599,0.99979,0.998,5.819282,34
19,38954490,A,T,SNV,0,CodingTranscript,NON_SYNONYMOUS,7,"splice,missense",0.649,0.053,,,,,K,M,ENSG00000196218,ENST00000359596,RYR1,CCDS33011.1,,22/106,2786,0.184,2786,0.184,929,0.184,ndomain,1,DONOR,30020,123571,deleterious,0.01,probably_damaging,0.999,0.946,1,1,0.353,1.695,4.391,675,,,,,0,0,0,0.055,0.165,0,0,0,0.039,0,0,0,0.024,0.26,0.457,313.1,3.78E-43,4,4,,,,,,TF0,1,3.2,1,37.32,0,2,1.36,2.13,0,1.64,0,0,0.0542,0.0066,0.0314,0.0267,0.0537,95,0,0,0.01,0,0,0,-0.035,-1.264,0,25,0,0,8,2,13,90,19,89,677,0.28023,0.384,4.321685,31
19,38989883,G,A,SNV,0,CodingTranscript,NON_SYNONYMOUS,7,"splice,missense",0.596,0.08,,,,,G,S,ENSG00000196218,ENST00000359596,RYR1,CCDS33011.1,,43/106,7027,0.465,7027,0.465,2343,0.465,ndomain,1,DONOR,3028,65986,tolerated,0.06,possibly_damaging,0.519,0.203,0.966,0.999,0.307,1.886,3.515,637,,,,,0,0,0,0.087,0.157,0.008,0.008,0,0,0,0,0,0.031,0.236,0.472,342.2,8.66E-43,3.69,3.69,,,,,,TF2,8.32,3.48,2,70.37,1.2,2,1.68,2.51,0,0,0,0,0.0601,0.0095,0,0.0386,0,56,0.01,0,0.32,0.11,0,0,-0.346,-4.01,0,10,0,1,9,3,2,63,27,75,692,0.9999,0.954,4.398859,32
19,38991629,C,T,SNV,0,CodingTranscript,NON_SYNONYMOUS,7,"splice,missense",0.649,0.093,,,,,T,M,ENSG00000196218,ENST00000359596,RYR1,CCDS33011.1,,47/106,7613,0.504,7613,0.504,2538,0.504,hmmpanther,2,DONOR,4774,64240,deleterious,0,probably_damaging,0.926,0.914,1,1,0.486,2.256,5.313,632,,,,,0,0,0,0.11,0.15,0,0,0,0.016,0,0,0.008,0.016,0.252,0.449,442.3,6.82E-57,4.41,4.41,,,,,,R5,2.88,1.36,2,43.18,1.7,2,1.7,2.53,0,0,0,0,0.065,0.0095,0.0029,0.0597,0.0078,81,0,0,0,0,0,0,-0.012,-0.803,0,20,1,1,4,5,9,71,35,65,671,0.94911,0.63,4.452227,32
19,38993366,A,T,SNV,0,CodingTranscript,NON_SYNONYMOUS,7,"splice,missense",0.715,0.133,,,,,R,W,ENSG00000196218,ENST00000359596,RYR1,CCDS33011.1,,48/106,7834,0.518,7834,0.518,2612,0.518,hmmpanther,2,DONOR,6511,62503,deleterious,0.01,benign,0.43,0.464,1,1,0.379,1.834,2.862,632,,,,,0,0,0,0.071,0.173,0.008,0.031,0,0.024,0,0,0.008,0,0.244,0.441,553.8,1.89E-69,4.08,4.08,,,,,,TF2,1,1,1.48,102.89,0.1,2,1.63,1.93,0.66,2.28,2.47,0,0.0497,0.0093,0.043,0.2833,0,101,0,0,0.54,0.45,0,0,0.025,-3.198,0,10,1,1,10,5,9,95,44,64,638,0.99986,0.992,5.129053,33
19,39026032,G,T,SNV,0,CodingTranscript,NON_SYNONYMOUS,7,"splice,missense",0.483,0.013,,,,,S,I,ENSG00000196218,ENST00000359596,RYR1,CCDS33011.1,,81/106,11516,0.762,11516,0.762,3839,0.762,hmmpanther,1,DONOR,632,126,deleterious,0,possibly_damaging,0.88,0.754,0.998,1,0.55,1.103,3.752,591,,,,,0,0,0,0.039,0.039,0,0,0.197,0.598,0,0,0,0.047,0.024,0.055,297.6,8.38E-53,4.45,3.41,2,2,82.5561,,,R1,2,1,3.24,89.56,0.9,,,,,,,,,,,,,142,0,0,0.13,0.03,0,0,-0.815,-3.758,0,75,0,0,3,0,7,56,11,83,564,0.99332,0.908,5.528278,34
19,39014567,C,T,SNV,0,CodingTranscript,STOP_GAINED,8,"splice,stop_gained",0.629,0.08,,,,,Q,*,ENSG00000196218,ENST00000359596,RYR1,CCDS33011.1,,70/106,10453,0.691,10453,0.691,3485,0.692,hmmpanther,3,DONOR,860,339,,,,,0.694,0.495,0.572,0.402,0.795,0.61,601,,,,,0,0,0,0.039,0.142,0,0.008,0,0,0,0,0,0.047,0.283,0.48,129.7,1.73E-10,4.01,1.79,,,,,,TF0,5,4,3,12.83,0.5,2,1.18,1.91,0,0,0,0,0.0419,0.0071,0.0051,0.0434,0.0576,,0,0,0,0.2,0,0,-2.056,-1.936,0,15,0,0,9,2,7,40,22,49,632,0.79426,0.742,10.975852,57
19,39076730,G,A,SNV,0,Transcript,CANONICAL_SPLICE,6,splice_acceptor,0.556,0.08,,,,,,,ENSG00000196218,ENST00000359596,RYR1,CCDS33011.1,103/105,,,,,,,,,-1,ACCEPTOR,152260,1331,,,,,0.969,1,1,0.646,2.183,3.797,529,,,,,0,0,0,0.15,0.315,0,0,0,0.008,0,0,0,0,0.126,0.402,269.9,6.17E-35,4.21,4.21,,,,,,R5,6.6,3.96,2,114.62,2.2,,,,,,,,,,,,,,0.88,0.99,0,0,0,-2.539,0,0,0,32,0,0,6,0,6,64,11,69,615,0.99999,0.95,5.934694,35
19,39025461,T,C,SNV,0,Transcript,CANONICAL_SPLICE,6,splice_donor,0.616,0.08,,,,,,,ENSG00000196218,ENST00000359596,RYR1,CCDS33011.1,79/105,,,,,,,,,-2,DONOR,61,354,,,,,0.957,0.998,0.999,0.455,2.032,4.555,592,,,,,0,0,0,0.031,0.055,0,0,0.205,0.48,0,0,0,0.071,0.055,0.102,346,3.87E-57,4.82,4.82,,,,,,TF2,1,4,3,4.8,0.8,,,,,,,,,,,,,,0,0,0.08,0.95,0,0,0,-0.118,0,59,0,0,4,0,7,51,13,80,580,0.99993,0.882,4.989866,33
19,38951103,C,T,SNV,0,CodingTranscript,STOP_GAINED,8,stop_gained,0.636,0.08,,,,,R,*,ENSG00000196218,ENST00000359596,RYR1,CCDS33011.1,,20/106,2449,0.162,2449,0.162,817,0.162,hmmpanther,,,26633,126958,,,,,0.978,0.451,0.58,0.291,0.093,0.535,671,,,,,0,0,0,0.118,0.079,0,0,0.008,0.008,0,0,0,0.016,0.244,0.528,506.6,9.69E-60,4.13,0.471,,,,,,TF2,12.32,3,2.92,68.77,0.6,2,0.85,1.5,0,0,0,0,0.0371,0.0083,0,0.0181,0,,0.02,0,0,0,0,0,-0.066,0,0,3,0,1,7,1,9,77,23,85,661,,,6.320812,35
19,38987106,C,T,SNV,0,CodingTranscript,STOP_GAINED,8,stop_gained,0.603,0.08,,,,,R,*,ENSG00000196218,ENST00000359596,RYR1,CCDS33011.1,,41/106,6721,0.445,6721,0.445,2241,0.445,ndomain,,,251,68763,,,,,0.996,1,1,0.55,2.546,3.949,645,,,,,0,0,0,0.126,0.11,0,0,0,0.008,0,0,0,0.024,0.276,0.457,563.9,1.82E-112,4.91,4.91,,,,,,TF0,7.96,,4.64,87.43,1,2,1.11,1.83,0,0,0,0,0.046,0.0079,0,0.0393,0,,0.03,0,0,0,0,0,0.02,0,0,13,0,1,7,2,8,78,23,81,640,,,8.600941,44
3,121616327,AC,A,DEL,1,CodingTranscript,FRAME_SHIFT,7,frameshift,0.47,0.013,,,,,T,X,ENSG00000163406,ENST00000489711,SLC15A2,CCDS3007.1,,22-Mar,675,0.119,287,0.131,96,0.132,ndomain,,,2142,18159,,,,,0.99,1,1,0.651,2.721,3.926,383,,,,,0,0,0,0.102,0.157,0,0.055,0,0,0,0,0,0,0,0.685,612.8,5.32E-123,5.75,4.82,,,,,,R0,10.12,9.48,3,7.55,1.8,,,,,,,,,,,,,,0,0,0,0.07,0,0,-0.058,0,0,20,0,0,5,2,3,64,27,30,548,,,4.58653,32
3,121615317,G,A,SNV,0,CodingTranscript,NON_SYNONYMOUS,7,missense,0.457,0.027,,,,,R,H,ENSG00000163406,ENST00000489711,SLC15A2,CCDS3007.1,,22-Feb,558,0.098,170,0.078,57,0.078,ndomain,,,1131,19170,deleterious,0,probably_damaging,0.998,0.999,0.994,1,0.645,2.874,5.586,380,,,,,0,0.008,0,0.071,0.181,0,0.071,0,0,0,0,0,0,0,0.669,479,1.96E-97,5.52,5.52,,,,,,L0,4,9.32,3,11.99,2.5,,,,,,,,,,,,,29,0,0,0,0.09,0,0,-0.012,0,0,7,0,0,11,4,0,60,28,29,529,,,4.37541,31
3,121634158,C,G,SNV,0,CodingTranscript,NON_SYNONYMOUS,7,missense,0.45,0.013,,,,,L,V,ENSG00000163406,ENST00000489711,SLC15A2,CCDS3007.1,,22-Jun,1001,0.176,613,0.28,205,0.281,ndomain,7,DONOR,386,329,deleterious,0,probably_damaging,0.967,0.987,1,1,0.486,1.459,3.866,327,,,,,0,0,0,0.087,0.244,0,0.039,0,0,0,0,0,0,0,0.63,403.8,5.30E-80,5.27,4.4,,,,,,R0,4,12,4.4,27.53,2.4,,,,,,,,,,,,,32,0,0,0.94,0.15,0,0,-0.073,0,0,50,0,0,3,5,5,31,43,37,550,,,4.311748,31
3,121648196,G,A,SNV,0,Transcript,CANONICAL_SPLICE,6,splice_donor,0.404,0.013,,,,,,,ENSG00000163406,ENST00000489711,SLC15A2,CCDS3007.1,17/21,,,,,,,,,-1,DONOR,1057,811,,,,,0.405,1,1,0.651,2.735,2.968,331,,,,,0,0,0,0.157,0.244,0,0,0,0.008,0,0,0,0,0,0.591,222.2,6.84E-11,4.95,4.95,,,,1,-0.42,L1,3,1,4.84,15.1,1.1,3,0.63,0,1.2,0,0,0,0.0041,0.0147,0,0,0,,0,0,0.26,0.64,0,0,0,-3.199,0,45,1,1,3,2,3,54,39,51,557,0.99998,0.926,4.685764,32
3,121641670,C,T,SNV,0,CodingTranscript,STOP_GAINED,8,stop_gained,0.45,0.053,,,,,R,*,ENSG00000163406,ENST00000489711,SLC15A2,CCDS3007.1,,22-Sep,1217,0.215,829,0.379,277,0.38,ndomain,,,641,308,,,,,0.984,0.999,1,-0.194,0.246,0.64,327,,,,,0,0,0,0.11,0.244,0,0,0,0,0,0,0,0,0,0.646,1199.3,5.55E-102,5.63,2.49,,,,,,TF1,7.24,3,4,11.55,2.7,,,,,,,,,,,,,,0,0,0,0.21,0,0,-0.058,0,0,44,1,0,6,6,3,59,59,27,539,,,7.109393,37
3,121642075,C,T,SNV,0,CodingTranscript,STOP_GAINED,8,stop_gained,0.437,0.027,,,,,R,*,ENSG00000163406,ENST00000489711,SLC15A2,CCDS3007.1,,22-Nov,1352,0.238,964,0.44,322,0.442,ndomain,7,ACCEPTOR,8303,98,,,,,0.99,1,1,0.55,2.709,2.452,327,,,,,0,0,0,0.11,0.244,0,0,0,0,0,0,0,0,0,0.646,1199.3,5.55E-102,5.73,5.73,,,,,,TF0,2,2.72,3,7.11,3,,,,,,,,,,,,,,0,0.06,0,0,0,0,-0.139,0,0,10,1,0,4,7,2,56,62,27,543,,,8.283582,42
3,121659810,C,T,SNV,0,CodingTranscript,STOP_GAINED,8,stop_gained,0.457,0.013,,,,,Q,*,ENSG00000163406,ENST00000489711,SLC15A2,CCDS3007.1,,22/22,2534,0.447,2146,0.98,716,0.982,hmmpanther,,,1772,20,,,,,0.547,0.121,0.089,0.559,2.581,1.313,347,,,,,0,0,0,0.165,0.228,0,0.024,0,0,0,0,0,0,0,0.583,503.8,3.30E-59,4.99,4.04,1,1,40.6349,,,C1,3.52,2.52,3.48,74.61,1.1,,,,,,,,,,,,,,0,0,0,0,0,0,-0.116,0,0,11,0,1,9,0,7,51,19,66,603,,,6.437976,36
6,160679656,A,AT,INS,1,CodingTranscript,FRAME_SHIFT,7,frameshift,0.64,0.148,,,,,F,YX,ENSG00000112499,ENST00000366953,SLC22A2,CCDS5276.1,,11-Jan,392,0.151,133,0.08,45,0.081,ndomain,,,115,874,,,,,0.989,1,1,0.452,2.179,4.613,839,,,,,0,0,0,0,0.197,0,0.087,0,0.024,0,0,0,0.031,0.268,0.394,973.5,3.32E-183,5.22,5.22,,,,,,TF0,2.2,4,4,,2.5,2,0.84,1.49,0,0,0,0,0.0369,0.004,0,0.0171,0,,0,0,0,0,0,0,-0.036,0,0,39,0,0,7,1,3,68,16,62,658,,,4.443339,32
6,160671726,C,T,SNV,0,CodingTranscript,NON_SYNONYMOUS,7,missense,0.424,0.013,,,,,R,H,ENSG00000112499,ENST00000366953,SLC22A2,CCDS5276.1,,11-Mar,786,0.303,527,0.316,176,0.317,ndomain,9,ACCEPTOR,8065,6509,deleterious,0,probably_damaging,0.983,0.989,1,1,0.645,2.817,5.323,814,,,,,0,0,0,0,0.094,0,0.134,0,0.016,0,0,0,0,0.157,0.598,362.5,7.09E-67,5.42,5.42,,,,,,R1,4,8.72,6.16,,0.9,,,,,,,,,,,,,29,0,0.06,0,0,0,0,-0.07,0,0,19,0,2,7,1,7,55,23,55,538,,,4.409741,32
6,160662506,C,T,SNV,0,CodingTranscript,NON_SYNONYMOUS,7,"splice,missense",0.43,0.053,,,,,G,S,ENSG00000112499,ENST00000366953,SLC22A2,CCDS5276.1,,11-Sep,1760,0.678,1501,0.9,501,0.903,lcompl,1,DONOR,4068,24021,tolerated,0.19,possibly_damaging,0.544,0.739,0.998,1,0.553,2.455,3.932,813,,,,,0,0,0,0,0.094,0,0.055,0,0.008,0,0,0,0,0.094,0.748,191.9,1.21E-29,4.44,4.44,,,,,,L1,10.88,6.8,2.24,,2.8,,,,,,,,,,,,,56,0,0,0,0.25,0,0,-0.39,-2.766,0,31,0,0,9,2,7,49,24,75,574,0.99997,1,4.760628,32
6,160664604,C,A,SNV,0,CodingTranscript,NON_SYNONYMOUS,7,"splice,missense",0.517,0.04,,,,,D,Y,ENSG00000112499,ENST00000366953,SLC22A2,CCDS5276.1,,11-Jul,1538,0.592,1279,0.767,427,0.769,ndomain,1,DONOR,1970,614,deleterious,0,probably_damaging,0.928,0.178,0.925,0.903,0.651,1.509,1.438,813,,,,,0,0,0,0,0.142,0,0,0,0.016,0,0,0,0,0.087,0.756,613,1.53E-121,5.4,4.53,,,,,,R5,3.76,2,3,,1.4,,,,,,,,,,,,,160,0.01,0,0.43,0.29,0,0,-0.242,-2.107,0,69,0,0,3,1,5,79,24,76,581,0.96656,0.852,4.794802,32
6,160668263,T,A,SNV,0,CodingTranscript,STOP_GAINED,8,stop_gained,0.47,0.027,,,,,K,*,ENSG00000112499,ENST00000366953,SLC22A2,CCDS5276.1,,11-May,1169,0.45,910,0.546,304,0.548,ndomain,,,11528,3046,,,,,0.343,0.013,0.006,-0.321,0.38,0.482,809,,,,,0,0,0,0,0.063,0,0.142,0,0.024,0,0,0,0,0.094,0.677,215.3,1.79E-35,5.35,1.51,,,,,,L1,8.8,15.64,2,,1.7,,,,,,,,,,,,,,0,0,0,0.03,0,0,-0.101,0,0,74,0,0,5,2,4,53,22,62,574,,,5.281779,33
6,160671647,C,T,SNV,0,CodingTranscript,STOP_GAINED,8,stop_gained,0.457,0.027,,,,,W,*,ENSG00000112499,ENST00000366953,SLC22A2,CCDS5276.1,,11-Mar,865,0.333,606,0.363,202,0.364,ndomain,,,8144,6430,,,,,0.95,0.552,0.831,0.651,2.821,1.324,814,,,,,0,0,0,0,0.094,0,0.134,0,0.016,0,0,0,0,0.157,0.598,362.5,7.09E-67,5.43,5.43,,,,,,R1,5.24,8.76,6.64,,1.3,,,,,,,,,,,,,,0,0,0.01,0,0,0,-0.13,0,0,66,0,0,4,1,7,55,23,54,539,,,7.274041,37
12,21377659,GA,G,DEL,1,CodingTranscript,FRAME_SHIFT,7,frameshift,0.377,0.013,,,,,G,X,ENSG00000134538,ENST00000256958,SLCO1B1,CCDS8685.1,,14/15,1848,0.829,1752,0.844,584,0.845,ndomain,5,ACCEPTOR,93524,14521,,,,,0.472,1,1,0.379,0.427,0.719,878,,,,,0,0,0,0.008,0,0,0,0,0.008,0,0,0,0,0,0.984,121.8,1.06E-15,3.66,2.45,,,,,,F1,2,2,3,0.84,1.3,,,,,,,,,,,,,,0,0,0,0,0,0,0.003,0,0,54,0,0,5,4,6,63,48,57,507,,,4.386572,32
12,21370234,TTAAG,T,DEL,4,Transcript,CANONICAL_SPLICE,6,"splice_donor,coding_sequence",0.305,0,,,,,,,ENSG00000134538,ENST00000256958,SLCO1B1,CCDS8685.1,14-Dec,15-Dec,1776,0.797,1680,0.809,560,0.81,,1,DONOR,86099,21943,,,,,0.201,0.881,0.998,0.486,2.01,2.946,878,,,,,0,0,0,0.008,0,0,0,0,0.008,0,0,0,0,0.008,0.976,35.3,1.93E-07,4.19,4.19,,,,,,F1,2.24,3,3,,0.6,,,,,,,,,,,,,,0,0,0,0.04,0,0,0.08,-8.346,0.003,64,0,0,7,6,2,49,48,82,611,,,4.731752,32
12,21294593,G,A,SNV,0,Transcript,CANONICAL_SPLICE,6,splice_donor,0.291,0,,,,,,,ENSG00000134538,ENST00000256958,SLCO1B1,CCDS8685.1,14-Feb,,,,,,,,,-1,DONOR,10457,36,,,,,0.017,0.99,0.991,0.645,2.252,2.252,911,,,,,0,0,0,0,0,0.008,0,0,0.008,0,0,0,0,0.008,0.976,43.5,5.58E-08,3.52,3.52,,,,,,D,1,5,2,,0.7,,,,,,,,,,,,,,0,0,0.01,1,0,0,0,-4.265,0,37,0,0,7,2,12,73,27,72,691,0.99997,0.762,4.283763,31
12,21325726,G,A,SNV,0,Transcript,CANONICAL_SPLICE,6,splice_donor,0.298,0.027,,,,,,,ENSG00000134538,ENST00000256958,SLCO1B1,CCDS8685.1,14-Mar,,,,,,,,,-1,DONOR,41590,4104,,,,,0.783,0.992,1,0.307,1.871,4.717,883,,,,,0,0,0,0,0.008,0,0.047,0,0,0,0,0,0,0.039,0.906,171.7,6.57E-21,3.36,3.36,,,,,,F1,1,3.92,3,,0.3,,,,,,,,,,,,,,0,0,0,0.54,0,0,0,-2.611,0,49,0,0,5,3,4,56,46,51,569,1,0.926,4.515524,32
12,21375299,G,T,SNV,0,Transcript,CANONICAL_SPLICE,6,splice_donor,0.252,0.013,,,,,,,ENSG00000134538,ENST00000256958,SLCO1B1,CCDS8685.1,13/14,,,,,,,,,-1,DONOR,91163,16882,,,,,0.915,0.998,1,0.299,1.797,2.732,878,,,,,0,0,0,0,0.008,0,0,0,0,0,0,0,0,0,0.992,164.9,4.77E-19,3.78,3.78,,,,,,F1,2.44,2.4,6.8,0.84,0.1,,,,,,,,,,,,,,0,0,0,0.98,0,0,0,-6.524,0,109,0,0,2,3,5,61,45,51,532,0.99999,0.926,5.202231,33
12,21377774,G,A,SNV,0,Transcript,CANONICAL_SPLICE,6,splice_donor,0.291,0.04,,,,,,,ENSG00000134538,ENST00000256958,SLCO1B1,CCDS8685.1,14/14,,,,,,,,,-1,DONOR,93638,14407,,,,,0.373,0.998,1,0.462,1.862,3.148,878,,,,,0,0,0,0.008,0,0,0,0,0.008,0,0,0,0,0,0.984,38.2,1.63E-07,3.66,3.66,,,,,,R0,2,3,3,,0.5,,,,,,,,,,,,,,0,0,0.03,0.99,0,0,0,-4.369,0,33,0,1,9,3,7,68,49,54,507,0.99997,0.882,4.67571,32
12,21329793,T,G,SNV,0,CodingTranscript,STOP_GAINED,8,stop_gained,0.278,0.013,,,,,L,*,ENSG00000134538,ENST00000256958,SLCO1B1,CCDS8685.1,,15-May,539,0.242,443,0.213,148,0.214,ndomain,,,45657,37,,,,,0.025,0.037,0.003,0.249,0.383,0.167,883,,,,,0,0,0,0.008,0,0,0,0,0.008,0,0,0,0,0.031,0.953,,,3.52,0.762,,,,,,F1,1.4,1,3,,0.4,,,,,,,,,,,,,,0,0,0,0,0,0,0.195,0,0,41,2,1,4,9,4,53,57,49,573,,,5.446668,34
12,21375289,C,T,SNV,0,CodingTranscript,STOP_GAINED,8,stop_gained,0.252,0.013,,,,,R,*,ENSG00000134538,ENST00000256958,SLCO1B1,CCDS8685.1,,13/15,1834,0.823,1738,0.837,580,0.839,ndomain,10,DONOR,91153,16892,,,,,0.951,0.571,0.528,0.299,1.797,2.732,878,,,,,0,0,0,0,0.008,0,0,0,0,0,0,0,0,0,0.992,164.9,4.77E-19,3.78,3.78,,,,,,F1,2.44,2.4,6.8,0.84,0.2,,,,,,,,,,,,,,0,0,0,0.12,0,0,-0.295,0,0,109,0,0,4,3,5,61,45,51,533,,,8.586127,44
12,21391924,T,A,SNV,0,CodingTranscript,STOP_GAINED,8,stop_gained,0.252,0,,,,,L,*,ENSG00000134538,ENST00000256958,SLCO1B1,CCDS8685.1,,15/15,1973,0.885,1877,0.904,626,0.906,lcompl,12,ACCEPTOR,107788,257,,,,,0.043,0.001,0.001,0.255,0.114,0.159,878,,,,,0,0,0,0.008,0.008,0,0,0,0,0,0,0,0,0.024,0.961,,,3.17,0.637,,,,,,D,1,1,0.68,,0.4,,,,,,,,,,,,,,0,0.17,0,0,0,0,-0.046,0,0,7,0,0,8,2,8,54,35,54,503,,,6.014781,35
12,21054342,G,A,SNV,0,CodingTranscript,STOP_GAINED,8,stop_gained,0.397,0.027,,,,,W,*,ENSG00000111700,ENST00000381545,SLCO1B3,CCDS8684.1,,15/16,2025,0.722,1806,0.856,602,0.858,ndomain,,,38949,926,,,,,0.429,0.999,0.999,0.307,2.21,4.348,923,,,,,0,0,0,0.016,0,0,0,0,0.079,0,0,0,0,0.016,0.89,147.1,8.33E-22,4.53,4.53,,,,,,D,1,1,2,,1.5,,,,,,,,,,,,,,0,0,0,0,0,0,0.059,0,0,82,1,1,5,2,2,72,30,63,664,,,8.168352,41
11,74914390,G,A,SNV,0,CodingTranscript,NON_SYNONYMOUS,7,missense,0.629,0.093,,,,,D,N,ENSG00000137491,ENST00000289575,SLCO2B1,CCDS8235.1,,13/14,2262,0.503,1867,0.877,623,0.879,ndomain,,,3791,35,deleterious,0,probably_damaging,0.997,0.985,0.965,0.996,0.645,2.441,4.249,723,,,,,0,0,0,0.016,0.142,0.016,0.063,0,0,0,0,0,0.055,0.307,0.402,360,1.05E-05,5.24,5.24,,,,,,TF2,4,5,3,26.91,0.7,2,1.15,1.88,0,0,0,0,0.0474,0.0095,0,0.045,0,23,0,0.06,0,0,0,0,-0.094,0,0,9,0,0,6,0,7,51,7,68,602,,,4.278336,30
16,28620029,C,T,SNV,0,CodingTranscript,NON_SYNONYMOUS,7,"splice,missense",0.675,0.053,,,,,G,S,ENSG00000196502,ENST00000395609,SULT1A1,CCDS32420.1,,10-Apr,907,0.485,148,0.167,50,0.169,ndomain,1,DONOR,213,2512,deleterious,0,probably_damaging,1,0.591,0.934,1,0.3,1.685,3.7,698,,,,,0.008,0.016,0,0,0.346,0.024,0.047,0,0,0,0,0,0.016,0.157,0.386,,,2.42,2.42,,,,,,H3K9me1,4,6,2,137.02,0.7,,,,,,,,,,,,,56,0,0,0.06,0,0,0,-0.359,-2.875,0,37,0,0,8,7,6,57,58,65,495,0.99249,0.906,4.670548,32
16,28618399,C,G,SNV,0,Transcript,CANONICAL_SPLICE,6,splice_acceptor,0.57,0.027,,,,,,,ENSG00000196502,ENST00000395609,SULT1A1,CCDS32420.1,9-Jun,,,,,,,,,-1,ACCEPTOR,1843,882,,,,,0.465,0.985,1,0.3,1.678,4.281,693,,,,,0,0,0,0.165,0.26,0.016,0,0,0,0,0,0,0.047,0.118,0.394,177.2,8.36E-12,2.42,2.42,,,,,,R5,2.64,3.48,3.08,315.03,1.5,,,,,,,,,,,,,,0.26,0.99,0,0,0,-2.739,0,0,0,50,1,1,4,16,11,63,63,72,568,0.99999,0.894,4.581702,32
16,28619677,G,A,SNV,0,CodingTranscript,STOP_GAINED,8,stop_gained,0.609,0.027,,,,,R,*,ENSG00000196502,ENST00000395609,SULT1A1,CCDS32420.1,,10-Jun,1066,0.57,307,0.346,103,0.349,lcompl,,,565,2160,,,,,0.039,0.008,0.968,0.292,0.023,1.082,693,,,,,0,0.008,0.016,0.031,0.299,0.039,0.047,0,0,0,0,0,0.024,0.142,0.394,,,2.86,0.607,,,,,,TF1,4,5.12,1,200.77,0.4,,,,,,,,,,,,,,0,0.01,0,0,0,0,-0.108,0,0,14,0,0,5,5,3,58,59,66,513,,,5.562503,34
7,139717522,CG,C,DEL,1,CodingTranscript,FRAME_SHIFT,7,frameshift,0.689,0.147,,,,,G,X,ENSG00000059377,ENST00000416849,TBXAS1,CCDS55174.1,,13/14,1793,0.814,1558,0.894,520,0.897,ndomain,,,188451,894,,,,,0.891,0.37,1,0.557,2.159,4.803,850,,,,,0,0,0,0.063,0.283,0,0.016,0,0,0,0.008,0.008,0.047,0.157,0.417,306.4,1.09E-41,4.69,4.69,1,1,23.2335,,,R5,2,7.92,2.64,23.09,0.5,2,1.76,2.61,0.78,1.11,2.07,0,0.0762,0.0113,0.0189,0.1194,0.029,,0,0,0,0,0,0,0.041,0,0,6,0,1,7,4,9,74,23,82,682,,,5.110381,33
7,139655256,AG,A,DEL,1,Transcript,CANONICAL_SPLICE,6,splice_acceptor,0.616,0.053,,,,,,,ENSG00000059377,ENST00000416849,TBXAS1,CCDS55174.1,13-Jul,,,,,,,,,-1,ACCEPTOR,2023,7594,,,,,0.482,0.997,1,0.651,2.73,5.699,917,,,,,0,0,0,0.063,0.165,0,0.024,0,0,0,0,0.024,0.008,0.15,0.567,320.7,4.88E-40,5.79,5.79,,,,,,C1,3.8,5,3,34.2,3,,,,,,,,,,,,,,0.94,0.98,0,0,-0.015,-6.693,0,0,0,34,0,0,5,0,7,72,19,59,640,,,5.768987,34
7,139717589,C,CA,INS,1,CodingTranscript,FRAME_SHIFT,7,frameshift,0.673,0.094,,,,,H,QX,ENSG00000059377,ENST00000416849,TBXAS1,CCDS55174.1,,13/14,1859,0.844,1624,0.932,542,0.934,lcompl,,,188517,960,,,,,0.207,0.496,0.903,0.557,2.267,3.104,850,,,,,0,0,0,0.063,0.283,0,0.016,0,0,0,0.008,0.008,0.047,0.157,0.417,306.4,1.09E-41,4.89,4.89,1,1,23.2335,,,R5,2,8,2,43.08,0.1,2,1.76,2.61,0.78,1.11,2.07,0,0.0762,0.0113,0.0189,0.1194,0.029,,0,0,0.01,0.09,0,0,0.025,0,0,15,0,0,8,4,9,74,24,83,681,,,4.605374,32
6,18143911,A,AT,INS,1,CodingTranscript,FRAME_SHIFT,7,frameshift,0.393,0.027,,,,,L,LX,ENSG00000137364,ENST00000309983,TPMT,CCDS4543.1,,9-Apr,367,0.115,281,0.381,94,0.384,ndomain,,,11394,15369,,,,,0.984,1,1,0.478,2.157,1.805,768,,,,,0,0,0,0.173,0.764,0,0,0,0,0,0,0,0,0,0.063,461.2,1.40E-69,5.38,5.38,,,,,,GE0,1,1.48,2,360.15,1.8,,,,,,,,,,,,,,0,0.12,0,0,0,0,0.01,0,0,26,0,1,3,3,7,48,36,73,518,,,4.599438,32
2,234680951,C,T,SNV,0,CodingTranscript,NON_SYNONYMOUS,7,missense,0.576,0.107,,,,,R,C,ENSG00000242366,ENST00000305208,UGT1A1,CCDS2510.1,,5-May,1388,0.583,1348,0.841,450,0.844,ndomain,,,12017,37,deleterious,0,probably_damaging,1,0.842,0.999,1,0.651,2.709,3.086,856,,,,,0,0,0,0.039,0.063,0,0,0,0.031,0,0,0,0.016,0.307,0.543,816.9,1.04E-176,5.73,5.73,,,,,,TF0,7,3.32,2.36,208.66,1,,,,,,,,,,,,,180,0,0,0,0,0,0,-0.001,0,0,27,0,0,10,2,3,55,25,62,582,,,4.352805,31
2,234677085,G,T,SNV,0,CodingTranscript,NON_SYNONYMOUS,7,"splice,missense",0.318,0,,,,,S,I,ENSG00000242366,ENST00000305208,UGT1A1,CCDS2510.1,,5-Apr,1344,0.564,1304,0.814,435,0.816,ndomain,1,DONOR,8151,1263,deleterious,0,possibly_damaging,0.894,0.91,1,1,0.651,1.34,1.952,835,,-0.7883,-11.79,145,0,0,0,0.039,0.063,0,0.016,0,0.031,0,0,0,0.024,0.37,0.457,617,2.28E-126,5.62,4.73,,,,,,F0,1,5,3,352.43,0.9,,,,,,,,,,,,,142,0,0,0,0.06,0,0,-0.26,-3.307,0,133,,,,1,7,57,24,57,530,0.99731,0.958,5.016979,33
2,234680951,C,T,SNV,0,CodingTranscript,NON_SYNONYMOUS,7,missense,0.576,0.107,,,,,R,C,ENSG00000244474,ENST00000373409,UGT1A4,CCDS33405.1,,5-May,1394,0.584,1351,0.842,451,0.845,ndomain,,,12017,37,deleterious,0,probably_damaging,0.999,0.842,0.999,1,0.651,2.709,3.086,856,,,,,0,0,0,0.039,0.063,0,0,0,0.031,0,0,0,0.016,0.307,0.543,816.9,1.04E-176,5.73,5.73,,,,,,TF0,7,3.32,2.36,208.66,1,,,,,,,,,,,,,180,0,0,0,0,0,0,-0.001,0,0,27,0,0,10,2,3,55,25,62,582,,,4.352805,31
2,234677085,G,T,SNV,0,CodingTranscript,NON_SYNONYMOUS,7,"splice,missense",0.318,0,,,,,S,I,ENSG00000244474,ENST00000373409,UGT1A4,CCDS33405.1,,5-Apr,1350,0.565,1307,0.814,436,0.816,ndomain,1,DONOR,8151,1263,deleterious,0.01,probably_damaging,0.949,0.91,1,1,0.651,1.34,1.952,835,,-0.7883,-11.79,145,0,0,0,0.039,0.063,0,0.016,0,0.031,0,0,0,0.024,0.37,0.457,617,2.28E-126,5.62,4.73,,,,,,F0,1,5,3,352.43,0.9,,,,,,,,,,,,,142,0,0,0,0.06,0,0,-0.26,-3.307,0,133,,,,1,7,57,24,57,530,0.99731,0.958,5.016979,33
2,234627758,C,T,SNV,0,CodingTranscript,STOP_GAINED,8,stop_gained,0.411,0.04,,,,,Q,*,ENSG00000244474,ENST00000373409,UGT1A4,CCDS33405.1,,5-Jan,335,0.14,292,0.182,98,0.184,ndomain,,,291,10806,,,,,0.014,0.001,0,0.486,-0.095,-1.372,819,,,,,0.016,0,0,0.008,0.063,0,0.008,0,0.024,0,0,0,0.031,0.402,0.449,,,4.16,-2.07,,,,,,H3K9me1,5.52,1,3,,1.4,,,,,,,,,,,,,,0,0,0,0,0,0,-0.028,0,0,19,0,1,16,4,10,125,45,61,601,,,5.132295,33
2,234628238,C,T,SNV,0,CodingTranscript,STOP_GAINED,8,stop_gained,0.536,0.04,,,,,R,*,ENSG00000244474,ENST00000373409,UGT1A4,CCDS33405.1,,5-Jan,815,0.341,772,0.481,258,0.483,ndomain,,,771,10326,,,,,0.007,0.123,0.149,-0.739,-0.215,0.198,819,,,,,0.016,0,0,0,0.071,0,0,0,0.024,0,0,0,0.008,0.409,0.472,220.6,2.34E-38,4.35,-1.96,,,,,,D,5.68,5,2,,1.5,,,,,,,,,,,,,,0,0,0,0,0,0,-0.014,0,0,33,1,0,9,10,9,84,45,69,582,,,5.56811,34
4,69512863,G,A,SNV,0,CodingTranscript,STOP_GAINED,8,stop_gained,0.384,0.027,,,,,R,*,ENSG00000196620,ENST00000338206,UGT2B15,CCDS3524.1,,6-Jun,1562,0.752,1552,0.974,518,0.977,ndomain,,,23484,515,,,,,0.003,0,0,0.547,-0.316,-0.441,934,,,,,0,0,0,0,0,0,0,0.016,0.071,0,0,0,0,0,0.913,,,2.96,-1.86,,,,,,D,3,2.48,2,,1,,,,,,,,,,,,,,0,0,0,0,0,0,-0.011,0,0,10,1,2,10,5,12,84,36,123,749,,,6.702253,36
3,14188866,C,T,SNV,0,CodingTranscript,NON_SYNONYMOUS,7,missense,0.483,0.053,,,,,R,Q,ENSG00000154767,ENST00000285021,XPC,CCDS46763.1,,15/16,2743,0.716,2528,0.896,843,0.897,lcompl,14,ACCEPTOR,1563,102,deleterious,0,possibly_damaging,0.832,0.949,1,1,0.587,2.685,5.236,683,,,,,0,0,0,0.717,0.142,0.126,0,0,0,0,0,0,0,0,0.016,268.2,2.23E-44,5.18,5.18,,,,,,TF2,4.56,3,2.52,169.72,1.9,,,,,,,,,,,,,43,0,0,0,0,0,0,0.117,0,0,38,0,0,4,4,5,68,25,62,685,,,4.389652,32
3,14190078,C,T,SNV,0,CodingTranscript,NON_SYNONYMOUS,7,missense,0.616,0.107,,,,,G,S,ENSG00000154767,ENST00000285021,XPC,CCDS46763.1,,13/16,2619,0.683,2404,0.852,802,0.853,ndomain,17,DONOR,351,294,deleterious,0,probably_damaging,0.997,0.848,0.998,1,0.559,2.736,6.228,679,,,,,0,0,0,0.614,0.213,0.142,0.024,0,0,0,0,0,0,0,0.008,610.4,1.20E-118,5.79,5.79,1,1,34.7879,,,GE2,10.32,30.16,3,97.56,1.6,2,5.5,5.5,1.22,2.42,14.6,0,0.1708,0.0127,0.0456,2.484,0.0314,56,0,0,0,0,0,0,-0.044,0,0,5,0,0,14,2,7,72,25,67,677,,,4.478134,32
3,14190224,C,T,SNV,0,CodingTranscript,NON_SYNONYMOUS,7,missense,0.589,0.053,1,ENSM00525373884,1,-0.137,R,Q,ENSG00000154767,ENST00000285021,XPC,CCDS46763.1,,13/16,2473,0.645,2258,0.8,753,0.801,ndomain,8,ACCEPTOR,205,440,deleterious,0,probably_damaging,0.999,0.655,1,1,0.457,2.667,6.16,679,,,,,0,0,0,0.591,0.339,0.055,0.008,0,0,0,0,0,0,0,0.008,610.4,1.20E-118,5.65,5.65,6,6,111.8716,,,GE2,4,22.24,2.4,364.29,1.7,4,5.5,5.5,1.22,2.42,14.6,0,0.1708,0.0127,0.0456,2.484,0.0314,43,0.08,0,0,0,0,0,0,0,0.073,5,2,0,4,2,6,72,25,68,679,,,4.325586,31
3,14199648,G,A,SNV,0,CodingTranscript,STOP_GAINED,8,stop_gained,0.583,0.08,,,,,R,*,ENSG00000154767,ENST00000285021,XPC,CCDS46763.1,,16-Sep,1950,0.509,1735,0.615,579,0.616,ndomain,,,9120,660,,,,,0.769,0.98,1,0.651,2.622,2.703,679,,,,,0,0,0,0.89,0.047,0.055,0,0,0,0,0,0,0,0,0.008,653.2,3.57E-102,5.59,5.59,,,,,,GE2,6.68,12.56,5,332.83,2.7,,,,,,,,,,,,,,0,0,0,0,0,0,-0.013,0,0,30,0,1,6,1,6,54,5,68,612,,,7.76428,39
