	Sample	CNV
1	021ab129bb594be5804b02e08e14d93d	Normal
2	03bc76a2c27140bc8143c56767ca6877	Normal
3	0b7cc95044c54d86a81151d856d0c5b2	DeletionHet
4	0d73bafef55a4a718489f3fdca91fd55	DeletionHet
5	11a1c7b37a63449f9bc65799567b5710	DeletionHet
6	141390df39414eaaaa9725a8349d9c45	DeletionHet
7	20aaa40fcdee4290bfada8dbba5e5232	DeletionHet
8	20b87673c1224e9db8bdbbe82899309c	DeletionHet
9	20be9cf6bed64502b85c999ec59c784b	DeletionHet
10	2176d8cef950450bbb29052359a2d2d1	DeletionHet
11	228fa4f74dd4431f8eb3526f37e355ed	DeletionHet
12	22d9ea3d16804243afbfea7e776c5237	DeletionHom
13	28997710cbae49f5996f6075fcbf74bd	DeletionHet
14	2b0b4c79e8104ed98ef5cc82d9ca8bd2	DeletionHet
15	2c9f234af49b4f6a970d8ddef07358e5	DeletionHet
16	316ab006177d41b484982d7fa4d851ad	DeletionHom
17	34b739132d0e403d9aa323b1c3edf12a	Normal
18	3959a73552a04f969d37a04dc869c7a9	Normal
19	3a7ec2f78f3c40df98248d3ba1354a20	DeletionHom
20	3ddccd4bcda14140b3e89559d2cf3186	DeletionHet
21	3fcca708192c4ffe8e57318c7d64e480	DeletionHom
22	4323a15d7b5d4bf2b204e0c0088ba923	DeletionHet
23	45e24be4dc7d4cb3a2742ce7c05730e8	DeletionHet
24	543558ae08cd44b3850fc7b835484037	DeletionHet
25	54db734bc1ec46b29fc6c5c6df35ca65	DeletionHom
26	5bb329dcb3654e8890985547e82135f6	DeletionHet
27	5d81e03c86324f209c69093ddf77bb62	DeletionHet
28	5f006ec8ba3c41a18d9ff92c0a62955a	Normal
29	6320750d96f747b695f78964df1fad17	DeletionHom
30	69335e244b5f46e5b56e5360f8f826b7	DeletionHom
31	69d7b11affce444694e9955b90848028	Normal
32	6b9f68c07c3e4e3e81669fe390ba1027	DeletionHet
33	75331ab394f24d56ac73cee5d41fa15b	DeletionHet
34	7866e1bc7fdc4304863db4a25d1a42e4	Normal
35	7a29e8a53b6844ddbb42aa165b34fba3	DeletionHet
36	7a94709935ea412e8b7349828beaf338	DeletionHom
37	7d077b89f2514fb0b8e002f8d9a10189	DeletionHom
38	7fdcb4bdabe743feb4abc155bc580b82	DeletionHet
39	82b808e2886a42f986da3ba811dbeaa4	DeletionHet
40	8f90214c429f4afc9e0da555cb77f89a	Normal
41	92ac6fc0f69345aabb9e7bd47452ed70	Normal
42	932a3f4c888844c39399f1cfdf2bc593	DeletionHet
43	9e01734a352a41f89266c2ae8c9c13de	DeletionHom
44	9e3dcdd083ad40dd82fab180a916fb77	DeletionHet
45	a04f109738f34a358850f5f69d7d8814	Normal
46	b7988ee8179d4678921602d34400a63a	DeletionHet
47	b859eb68840b42d9a376ce22cff1cd08	DeletionHet
48	bda28ac619e64916bb0a28d1f2698e2e	DeletionHom
49	c392e9300f6b490aa1c43f7ca7d7afd4	DeletionHet
50	d84c8e4613064299b2a16cfa39d819b5	DeletionHet