	CNV
021ab129bb594be5804b02e08e14d93d	Normal
03bc76a2c27140bc8143c56767ca6877	Normal
0b7cc95044c54d86a81151d856d0c5b2	Normal
0d73bafef55a4a718489f3fdca91fd55	Normal
141390df39414eaaaa9725a8349d9c45	Normal
20aaa40fcdee4290bfada8dbba5e5232	Normal
20be9cf6bed64502b85c999ec59c784b	PartialDeletion
2176d8cef950450bbb29052359a2d2d1	Normal
228fa4f74dd4431f8eb3526f37e355ed	Normal
22d9ea3d16804243afbfea7e776c5237	Normal
2b0b4c79e8104ed98ef5cc82d9ca8bd2	Normal
2c9f234af49b4f6a970d8ddef07358e5	Normal
34b739132d0e403d9aa323b1c3edf12a	Normal
3959a73552a04f969d37a04dc869c7a9	Normal
3ddccd4bcda14140b3e89559d2cf3186	Normal
3fcca708192c4ffe8e57318c7d64e480	Normal
4323a15d7b5d4bf2b204e0c0088ba923	Normal
45e24be4dc7d4cb3a2742ce7c05730e8	Normal
543558ae08cd44b3850fc7b835484037	Normal
5bb329dcb3654e8890985547e82135f6	Normal
5f006ec8ba3c41a18d9ff92c0a62955a	Normal
69335e244b5f46e5b56e5360f8f826b7	Normal
69d7b11affce444694e9955b90848028	Normal
6b9f68c07c3e4e3e81669fe390ba1027	Normal
7866e1bc7fdc4304863db4a25d1a42e4	Normal
7a94709935ea412e8b7349828beaf338	Normal
7d077b89f2514fb0b8e002f8d9a10189	Normal
8f90214c429f4afc9e0da555cb77f89a	Normal
92ac6fc0f69345aabb9e7bd47452ed70	Normal
932a3f4c888844c39399f1cfdf2bc593	Normal
9e3dcdd083ad40dd82fab180a916fb77	Normal
a04f109738f34a358850f5f69d7d8814	Normal
a284eb8f85e54b0ba3c45e30e91a33a1	Normal
b462b7941e0642309d5d44e7aae6d42f	Normal
b51b8299a62f4a3eab95d0467e950b7e	Normal
b859eb68840b42d9a376ce22cff1cd08	Normal
ba64fb6dbb0a4b36a5cbe53bd8706ca7	Normal
bda28ac619e64916bb0a28d1f2698e2e	Normal
c392e9300f6b490aa1c43f7ca7d7afd4	Normal
cb484635e004493fb395ac764578797b	Normal
d7b5cf7015d44c23a949dc117c149c80	Normal
d84c8e4613064299b2a16cfa39d819b5	Normal
db923feb258241b8b0a3e3aaada9359b	Normal
def4a73760dd42d38b17c33c3deb654b	Normal
dfe4ba40717d4891a12ec2c856de671f	Normal
e030f757080d4e5e841d8e7feef7a665	Normal
e1ddd983797640bf81b66f9a77b37439	Normal
e246a44270e34d2aa228844732995abe	Normal
ecf7d003ffef4d429351037cb97bac09	Normal
f00e1071f840476c9872de73f0ea8a02	Duplication